LShoulderPitch,LShoulderRoll,LElbowYaw,LElbowRoll
1.4272717223503655,0.15751488379205303,-1.2875504446646646,-1.4520529578219497
1.284938682750895,0.35134037279781993,-1.2893553328293694,-1.2900068497793313
1.2608213450433454,0.3907008365521829,-1.1959138745736113,-1.0987625949200819
1.3642161502956058,0.2776740573870644,-1.1725233672165263,-1.0593065287947854
1.3653201742101972,0.2880327900393691,-1.1795989573556023,-0.995700227779235
1.394556790908362,0.28271609337535986,-1.2368418930375897,-0.9421521761171506
1.3953221736577968,0.28632759600424285,-1.3526292933062651,-1.0367636600765266
1.3602894058144284,0.3319107123442009,-1.4038425425430325,-1.082889125222722
1.2738821648761336,0.45249797980175943,-1.29765833530139,-0.9975117520084388
1.2669330442347242,0.48770649537536315,-1.3296027303691924,-0.9404623374030325
1.309585987936637,0.4751246400368039,-1.3399281807642454,-0.8259945272593576
1.2220784234202737,0.6424915014728753,-1.402405292132259,-0.8052776245972584
1.1457453162940854,0.8393725733191284,-1.4834714850140518,-0.8373583058185408
1.135830637078088,1.028841094987989,-1.5707842244125116,-0.9083091039408857
1.1436173088046129,0.9509435850132879,-1.5712160760738694,-1.0188002731398462
1.273775414194522,1.3265,-1.972226614233843,-1.0920826013054492
1.3489946969273052,0.1539930408717325,-1.1803398502859919,-0.879608832760249
1.4715658741404005,0.0649996768169776,-1.2967020503778526,-0.8816437337137736
1.4349889979950152,0.5561190954993909,-2.0857,-1.0781990530531231
1.3219018057631982,0.5134605476398948,-1.4788984951649786,-1.2281719731502196
1.2837644918795958,0.5373232129801031,-1.437345139743983,-1.2346807459563338
1.303540310921556,0.4549955479936332,-1.4243857652070469,-1.1412827003344321
1.2823693292745473,0.48861541071506465,-1.4229486207218858,-1.0871300909495398
1.3066916906139419,0.43120117074539666,-1.4780972196577606,-1.0582425424079132
1.3050991307248827,0.4113406646569202,-1.6254399098491124,-1.0609426878324921
1.4144476038779124,0.26121218026602144,-1.6769298409311324,-1.016023146145453
1.4920305722478582,0.13634982631365045,-1.4900435151343345,-0.78287876002188
1.6074151016969647,-0.07431197189940741,-1.4289322327771716,-0.6551269381784829
1.409273984770303,0.36568640148916365,-1.515475983012788,-0.38954165729896084
1.4189087231568407,0.2956181650818983,-1.465009397711317,-0.3875590926860072
1.4952667282443524,0.1475336600534951,-1.3171356748528755,-0.4321024941239678
1.493593129276191,0.14295783124920614,-1.5300392406132277,-0.48991869421254514
1.5333571944013282,0.07528304311676237,-1.445675933793664,-0.3808323834449752
1.4922685541156104,0.1445719215349226,-1.5652424089936388,-0.24078959395307348
1.5021288906802037,0.13612133396061554,-1.8381295844928103,-0.3371431267094529
1.5881640289018264,-0.038751118007803065,-2.077210602051776,-0.3555846832002587
1.4926920301757074,0.19671934384746836,-2.047315976977249,-0.8269027243676406
1.2840105439907716,0.6953117035106371,-1.6771479815933545,-1.4551549480859156
1.260550016026797,0.5953511590598977,-1.563344761104628,-1.5446
1.134632924741578,0.6938254110919772,-1.517610903890593,-1.5446
1.3064331818845785,0.5445511314505604,-1.9739542284563725,-1.488446858582225
1.3813017423922753,0.3514275786000267,-2.0857,-1.1765908022805736
1.3815962011950655,0.2635064216434113,-2.0857,-0.9965330566299924
1.3662257720431932,0.235295120110127,-2.0857,-0.8270347676489467
1.3966480728907855,0.22059625412621386,-2.0857,-0.8342066043294407
1.4425237314176542,0.15506725624809614,-2.0857,-0.8067955980570167
1.4288753283891849,0.1727457558537544,-2.0857,-0.8061228975754354
1.4215674214928742,0.16281538557501984,-2.0857,-0.7577861474167673
1.4247487255369164,0.14450650039933,-2.0857,-0.7382393243879632
1.4214282021360347,0.14626398805700602,-2.0857,-0.7394784582365175
1.4463601425039787,0.1209982718210385,-2.0857,-0.7612448923949173
1.4754539432781162,0.09310612677785945,-2.0857,-0.7705454280588868
1.5121182148853018,0.053693144160585904,-2.0857,-0.7334270897947436
1.4920875267370646,0.07277296985284565,-2.0857,-0.7067068560551182
1.5834842495772417,-0.011607122021173755,-2.0857,-0.7640417072315107
1.617447034592584,-0.04489928873591076,-2.0857,-0.810702579749032
1.6490395165140161,-0.07725051316090892,-2.0857,-0.7971898949113053
1.6495867947911078,-0.08236221383773512,-2.0857,-0.8281897029756784
1.6150158342230698,-0.055366780191102416,-2.0857,-0.8230842852192051
1.6482321928449633,-0.09298024665265792,-2.0857,-0.7999696149432578
1.5884113361230603,-0.023060080215495216,-2.0857,-0.7750885164736337
1.5937634963253915,-0.03092868559031503,-2.0857,-0.7561196160786109
1.567430686147294,0.004597256631374336,-2.0857,-0.7289502259525429
1.5366638491377893,0.04779146510838728,-2.0857,-0.6658760339617595
1.4983580876089102,0.10352243754279722,-2.0857,-0.5415852148813001
1.5545263329991803,0.01842285413558553,-2.0857,-0.3618382049904626
1.4098002532546223,0.21102601170056778,-1.1384080624077075,-0.8163881094609028
1.5570449686848398,0.019246390885090614,-1.13445337962983,-1.2561034627969565
1.561537224094481,0.014869233229985124,-1.2322681848277803,-1.3404109227789995
1.54012162736993,0.04935289401474696,-1.1825962379524242,-1.2862677719288973
1.51450233477899,0.08592017360640103,-1.164674323820749,-1.2364417752867631
1.5262415395605051,0.07189731634761976,-1.0940192488777105,-1.0820879374617574
1.4708574650655544,0.20936507413186978,-2.019890506403974,-0.43651914189844077
1.4573251303945751,0.244980792776877,-2.0857,-0.8137759321651652
1.4136223281409506,0.29227881598431216,-2.0857,-0.8681023811470105
1.3909867011852288,0.3143117467469514,-2.0857,-0.9052496394264145
1.4248209675092798,0.2334187062402071,-2.0857,-0.8645498028368381
1.4203183290769315,0.2436729171190959,-2.0857,-0.8681809384798285
1.4468594866503837,0.1951424866994078,-2.0857,-0.8441640097393865
1.4134124228290135,0.24805047187622375,-2.0857,-0.8541861853888326
1.4245424791468344,0.22625765375677087,-2.0857,-0.8197026782819852
1.425597967961115,0.22134190092184336,-2.0857,-0.8462694184429094
1.4248837804253054,0.22561816548762548,-2.0857,-0.8547747122966727
1.3982397233357486,0.2694410410583348,-2.0857,-0.8634550146613688
1.344486281308028,0.36532276472223946,-2.0857,-0.8664627499436356
1.33237981638786,0.39078544991813136,-2.0857,-0.8580707264251902
1.345609110682108,0.3774838325220673,-2.0857,-0.8946128999074072
1.3830398414895215,0.3203822969215664,-2.0857,-0.9422129709327115
1.391957980812559,0.3104705174261744,-2.0857,-0.9247167333533404
1.3825100715980336,0.3234657817874673,-2.0857,-0.929552457462452
1.3853725528211183,0.30495381247036235,-2.0857,-0.9536532951445718
1.423078516810753,0.23734198756896796,-2.0857,-0.9648918811341141
1.4414578414332593,0.2016560360532058,-2.0857,-0.9464489956085369
1.4707571072138304,0.1485769321318311,-2.0857,-0.916952595849056
1.5259823686981286,0.06710418065660795,-2.0857,-0.8772088414960104
1.5205741664004357,0.07859316550766593,-2.0857,-0.8662827067313247
1.6069059487836541,-0.06917064766500491,-2.0857,-0.7149339219574856
1.5876899652126053,-0.03158283711687915,-2.0857,-0.5034250722958068
1.5470889909074557,0.046673375184528965,-1.7613284490230294,-0.31771939996531
1.5594114932634577,0.02184110136367501,-1.1754210769302662,-0.7521908516778872
1.5228878405094475,0.09224378357554075,-1.0171040599369934,-0.832246475586063
1.504045731873903,0.1282469287690846,-1.2189413964666342,-1.3419971072180863
1.7152714340845323,-0.28276433437000126,-2.0857,-0.16449852378624483
1.690860345501464,-0.22392860783070323,-2.0857,-0.7794609730608064
1.6833684483514924,-0.16360661512052022,-2.0857,-0.8720727497253956
1.6390039340468208,-0.09164894302408344,-2.0857,-0.9375446650221033
1.6440251108464514,-0.09320814990595094,-2.0857,-0.9420979817386667
1.6319563775611399,-0.08632539306732978,-2.0857,-0.9737613124371078
1.6328184726214523,-0.09139595789282828,-2.0857,-1.0156104847233114
1.6290701701355403,-0.08650099037451975,-2.0857,-1.056083425689296
1.6504552921990476,-0.11182936311088065,-2.0857,-1.0712686731683096
1.659990065183311,-0.12019510401379896,-2.0857,-1.1044116692851107
1.6516265109269992,-0.10618594180446306,-2.0857,-1.0996543332298794
1.634679175550388,-0.08394770865332712,-2.0857,-1.0769576299941697
1.6172503519735142,-0.058896769198294674,-2.0857,-1.0304828496068201
1.598986576560749,-0.03446143883185848,-2.0857,-1.0201386820032288
1.5989544360492352,-0.034512735564049324,-2.0857,-0.9611131695976101
1.5731469723399842,-0.002854496189682365,-2.0857,-0.8913018014002795
1.5628822245563998,0.009654221439624022,-2.0857,-0.8640658142783356
1.571687610469087,-0.0011433267616263176,-2.0857,-0.8429127790686417
1.5727013853096787,-0.002727516316402223,-2.0857,-0.8194184518117835
1.5740424314282315,-0.005167199933214572,-2.0857,-0.8367289478626709
1.5833768137631723,-0.024396378955154896,-2.0857,-0.8464669545049658
1.6037918677797396,-0.08819107050164798,-2.0857,-0.9941741016793535
1.3343554866989578,0.7075059413461507,-1.4530781786107518,-1.3392151558987928
1.2660421383427944,0.6357470961777966,-1.4862290874425048,-1.530276451781694
1.2993670844321257,0.543253633193703,-1.496983183740322,-1.5446
1.2495013761549463,0.5611493501610898,-1.474147220095849,-1.5446
1.2494297116165753,0.5839903439276086,-1.4817717767099081,-1.5446
1.293172264019263,0.49524068392916765,-1.69773755608584,-1.5446
1.3245430625914196,0.4066054919638473,-2.0857,-0.6619596981231906
1.346467058734135,0.3553436794300895,-2.0857,-0.5952611561272203
1.3812018912396937,0.3047991161236554,-2.0857,-0.6302414561512263
1.4072355959918867,0.269886257608388,-2.0857,-0.6083157741273459
1.400603511178425,0.3035119146928722,-2.0857,-0.6756045943506453
1.3863941184009074,0.3619741614308456,-1.863719164169486,-0.7473093990154842
1.3694007759510014,0.3195732677697749,-1.3649505204691652,-0.7877240879259694
1.3464512056056088,0.2429311066539781,-1.1937002715401024,-1.1897341110410506
1.2723378233644485,0.22319102988136086,-1.1137731415644054,-1.4673673909386271
1.2859048124476493,0.1524792694204884,-1.0107077464826426,-1.470596042411031
1.0547763098168517,0.22408990020647668,-0.6107430858996549,-0.7830881440059412
1.0294922034608038,0.21041211615887012,-0.3815691999633604,-0.3243479986639266
1.467452029407974,0.03978883224626961,-1.5761080778671264,-0.13331084210698413
1.6257110223373952,-0.02525031796944277,-2.0857,-0.413788670930092
1.6168005426003211,-0.03721023601537121,-2.0857,-1.1841553342502695
1.5151734734242968,0.07182563385652596,-2.0857,-1.5446
1.2689581536353276,0.4488396545640232,-1.9958552736809894,-1.5446
1.0344226546839579,1.1985239377655477,-1.769967292696831,-1.5446
1.096229698686329,1.3265,-1.7421094803259125,-1.5446
1.116104716857295,1.3265,-1.6135085291261246,-1.5446
1.1413527193417803,1.3265,-1.6444818873969937,-1.5446
1.1122724168513634,1.3265,-1.67594193545422,-1.5446
1.042929855222673,1.30749051692748,-1.7821259491686683,-1.5446
1.0686464477491795,1.2113649144155305,-1.8593225543772192,-1.5446
1.1333784030039813,0.5722913031364086,-1.7764947042830115,-1.5446
1.1715201780024331,0.3765914836634674,-1.7094708385277018,-1.5446
1.2248275926046137,0.32486895480350864,-1.5811588936129977,-1.5446
1.3260809505860347,0.27908852295954634,-1.5252602214139726,-1.5446
1.3166701560489382,0.292722310545946,-1.1521229953444851,-1.0433035682495826
1.299147203805496,0.3284846468332072,-0.9815944632977753,-0.6613202664949124
1.3769507853297696,0.2510295435395826,-0.6641069734890745,-0.3940833603690601
1.4172048725755637,0.24961367410330904,-0.613616172275944,-0.18224060801783298
1.4009367783410451,0.2902691088539391,-1.5442632038571116,-0.09785503984876619
1.3530020341853999,0.36267308819325983,-1.3588048556753074,-0.1434647882431523
1.2912946234773466,0.4415107516240717,-1.7092412709926057,-0.19044142180634968
1.310631749635106,0.4239600742393963,-2.0378682014276075,-0.19024483644211948
1.3118655049934338,0.4076754217870793,-2.0465205826870414,-0.19742029330980024
1.3065934432507118,0.40902712465708024,-2.0857,-0.2093748295220953
1.3041455163904057,0.400897083337441,-2.0857,-0.24262959764360473
1.2957613530975205,0.4115903907731022,-2.0857,-0.26377946857638085
1.2878723195234953,0.41858633785491395,-2.0857,-0.28977643860992197
1.2992557527669348,0.40967690464116124,-2.0857,-0.29507699202511994
1.3269280672568724,0.39311714946996545,-2.0857,-0.304680400452421
1.383782666131158,0.3289124579777023,-2.0857,-0.2818514967930465
1.4453335511402878,0.2526054662059938,-2.0857,-0.2758116158853345
1.4950469699158158,0.16404690137837963,-2.0857,-0.23541919287806198
1.53945859919748,0.07063985708205145,-2.0857,-0.19241719226571857
1.5117947354847356,0.14122220246237038,-2.0857,-0.17817677599894094
1.502346974220866,0.1625818712699003,-1.9176310046412042,-0.1715222787493731
1.507146134184976,0.15033675954987658,-1.7392541246321995,-0.21261391115847336
1.5239395251313883,0.1091064730646607,-1.5961655304399212,-0.19045195930463232
1.5274577937058091,0.09992118757814517,-1.4543077773309339,-0.15917970916800422
1.53264296797705,0.08912542176915861,-1.3667109810862978,-0.15939935767537897
1.5375928446773097,0.07193545514699506,-1.2624418356051996,-0.15564101962260135
1.5266420438539867,0.09738675735503421,-1.5474396057870936,-0.1435793034565036
1.5149020567765543,0.12592827652399485,-1.6411775627795107,-0.1328677486348585
1.5080536308804136,0.13932491375820288,-1.0995014170190132,-0.11452967590984693
1.4695549274691422,0.22146558385297044,-1.1527653084748501,-0.09697634577723135
1.4242966765587117,0.32664486975531104,-1.4262280246549952,-0.06604629107917362
1.41899707382936,0.3173525592787958,-1.1849509312892943,-0.05111108628534562
1.4093115489043853,0.3337029910245679,-1.2357987299609532,-0.0349
1.4073590506186946,0.31179188382859246,-0.7216236406619928,-0.0349
1.388697948698475,0.31548927240192426,-0.8651167762872051,-0.041294512071799856
1.379550790401024,0.30479161597247173,-0.7329204603933855,-0.0583504015686003
1.4312444586177944,0.20198253985588166,-0.7925726163644279,-0.0902613824068434
1.4447747429005067,0.17308728005886076,-0.6081495201485916,-0.09105987078073041
1.4160745559920125,0.18794112443317945,-0.49805092616782337,-0.0523890581051251
1.3993243941237792,0.22554073259448693,-1.622783345726434,-0.06263905273803844
1.4939726625642298,0.10611455711158935,-2.0857,-0.08392137272903023
1.549812507820101,0.03658846286881223,-2.0857,-0.16173903375717386
1.560750716775694,0.019357488285666635,-2.0857,-0.15726087296473074
1.6544916593222212,-0.16987037364200308,-2.0857,-0.17338949131121767
1.577225391132376,-0.01226763041470158,-2.0857,-0.10036984457309549
1.5508202854255866,0.04677477835663346,-2.0654587562261106,-0.18568231774445104
1.5582653856723745,0.03103236928327502,-1.8434283129581936,-0.2569637913284244
1.4547586593106587,0.27907972322976127,-1.3329605300682752,-0.282770440304546
1.480153393427117,0.2185110375558068,-1.1222268599882028,-0.22015011764672626
1.4141330841931532,0.3530879962565754,-1.1371108002924117,-0.21108847992384172
1.3923302324851472,0.36441640943186626,-1.1259984242941599,-0.21760153317819303
1.4638103735228218,0.21301755687783208,-0.8931623682631389,-0.20770848167419098
1.382838743902151,0.30958036399567823,-0.7343681091880065,-0.1527705558762536
1.4718487899569885,0.14704152770695011,-1.0823581458289333,-0.2353766939247021
1.4206759555466477,0.22447189813949153,-1.1271669015075163,-0.16923015243124065
1.394423983702208,0.2533263473795655,-1.0354923853049116,-0.0790800077734241
1.382365935149761,0.25187458726568135,-0.857981829292017,-0.07879816655736226
1.3855508769904692,0.24266285065785942,-1.0220024258458058,-0.06354513142108986
1.3855902495406134,0.25584883106914313,-1.9876292818298118,-0.03921456580919825
1.2902027340500832,0.40259129411872285,-2.0621671677250473,-0.0349
1.283496620314245,0.44173456822487345,-1.2373697163935113,-0.05306996043568614
1.2671543660603268,0.5191501731202013,-0.8698785614941241,-0.07783974157469453
1.3281190823408875,0.5100482598123768,-0.6710011304392247,-0.10818314082536062
1.275031985835913,0.5775276830970782,-0.7044825191485515,-0.17913519979140655
1.328052144328413,0.46743373232793983,-0.6714278563281023,-0.2163936739277649
1.3184684627658234,0.43999556145845387,-0.6267573048460617,-0.16852113940212715
1.5719961262593412,-0.002219916748361861,-0.7171847591453827,-0.12290358765449777
1.5041217384400387,0.1174518707262262,-1.0525249806389385,-0.09342850782568472
1.5007244269133997,0.0942733415366579,-0.5450652780343662,-0.13984126526169613
1.3979250638067386,0.18764652619936473,-0.559810449039552,-0.15634584550686628
1.3457348249584165,0.24715008176254294,-0.6219218613950596,-0.10045384425469446
1.4354817164733171,0.16079210349859996,-1.170937774942494,-0.14339917923267845
1.5703606826531593,0.000601977806700793,-1.3100732734689384,-0.15450148515646028
1.479621524431774,0.1604915507574589,-1.721475418228243,-0.24339160349135908
1.4635473495684401,0.22660015576103287,-1.7479161024843666,-0.2540832161129673
1.4687616388835478,0.18546081877768872,-0.9966730608796474,-0.17649634149173393
1.5217660175460515,0.09820711280661354,-0.6936160415755643,-0.17637906516925564
1.6274895006882417,-0.11548559610989773,-0.7206236439355126,-0.22848773489566998
1.747048395421784,-0.3142,-0.7584356762339765,-0.2396291880879551
1.7996397409295113,-0.3142,-0.7841283638586182,-0.2251363305680107
1.855869404578943,-0.3142,-0.7835614125465862,-0.25463406239862035
1.8884584195836118,-0.3142,-0.7437931238989752,-0.18925872012119327
1.9044689313647165,-0.3142,-0.9052387843653231,-0.11649831429903207
1.7855707233046976,-0.3142,-1.8348107341222155,-0.1880665577681652
1.732412814547941,-0.3142,-1.8511640258862954,-0.1686441672376605
1.6201523979999741,-0.09463956792767791,-2.0857,-0.20586017885684113
1.5475512600007848,0.039634540267422524,-2.0857,-0.21802512965823798
1.5276925556440186,0.06531784976448729,-2.0857,-0.16050133124155785
1.3982626212007327,0.2527375517185042,-2.0857,-0.1330615564366424
1.3825121494706718,0.2707929769086379,-2.0857,-0.09449539880655715
1.3404829120193593,0.347595872175527,-2.0857,-0.062356912878775095
1.2913704032478883,0.41358476152081103,-2.0857,-0.09209387408035166
1.154574427284028,0.5654558625875565,-2.0857,-0.07854726598373327
1.061697821255317,0.6282250220433411,-1.629990539030276,-0.21131895374474188
1.1552841716334887,0.550110154980952,-1.3527990844534539,-0.13092138813821189
1.3865323629049828,0.2966117671830557,-2.0857,-0.0349
1.351496249947806,0.34943870862985627,-1.8520333662108164,-0.11239419643997108
1.3708992049494295,0.34460364692134693,-1.9582362336266128,-0.1372872693106043
1.2805229404779424,0.478009733463268,-1.0649128191847175,-0.3366605729468687
1.246903175499317,0.4680515728020116,-1.4170692793945254,-1.3566137049624072
0.7177648013217208,0.6083140077886848,-1.3600478227919248,-1.5446
-0.0803317575012458,0.5922081062679597,-1.4011993481211982,-1.5446
-1.2116593627479206,0.3378391233424132,-1.5317234798656119,-1.5446
-1.589833192173093,-0.04547104300235616,-1.5003300594909865,-1.5446
-1.5296785632549854,0.15938217898344997,-1.3419811636880405,-1.2493221194567399
-1.4484019888825563,0.5219599415089031,-1.1768742692446283,-0.8844656142062206
-1.4461521577864427,0.9731645073144366,-1.2402654561051907,-0.6492522810002941
-1.346021935623295,1.3265,-1.128445945513134,-0.30827986030920834
-1.2606370815517949,1.3265,-1.1900218273546856,-0.2743551806606253
-1.1447389668877614,1.3265,-1.2914169630635222,-0.41735534892211873
-1.1560965490418755,1.29878896773082,-1.2402491619699012,-0.45947836333651604
-1.0818003072611013,1.2344692515432287,-1.132953560036373,-0.45892903565939464
-0.7209495025015689,1.118959718483401,-1.2097796686494413,-0.7484815106115569
-0.44062539761441505,1.058868204744977,-1.339269287839722,-1.076455455652056
-0.2193395117174486,1.0558079068229596,-1.3531612032495763,-1.1340783714556055
0.32253390915827485,0.9019656575264934,-1.6163792246625726,-1.5446
1.1144107314989826,0.5883027631259974,-1.9857957672326938,-1.5446
1.2050909587865162,0.5520192675455491,-1.9297187645488507,-1.5446
1.3396340965026037,0.3810585715151378,-1.8862087658223488,-1.5446
1.4409805399897,0.22360129969272924,-1.714345577612566,-1.5446
1.4002106462020631,0.2745943377713649,-1.3345901936515747,-1.0418795371807985
1.6218491366038683,-0.08392093834753767,-0.7674652687037592,-0.32089270686231186
1.5760405506357489,-0.010036626835361995,-1.022209113470435,-0.09281502402160301
1.4539257651380155,0.20290531697024394,-1.4200587598743617,-0.09561844422398208
1.2580793743371088,0.4320169355794663,-0.7521209582891264,-0.21613324997413047
1.2967127572224688,0.2569831922447978,-0.6852409444098445,-0.5988802254395922
1.3637672377496939,0.14759192904870688,-0.7357602807334895,-0.8360143900326
1.4778827620656887,0.05571623397889347,-0.7036524820218925,-0.7983319958339214
1.1752380966163105,0.19482595420057325,-0.49989471625642,-0.5244297235278323
1.178198705557365,0.25059165807020456,-1.6188144023968434,-0.2714713303903136
1.2895672114213148,0.2285672663571925,-2.0857,-1.0555070642401998
1.3188659317277514,0.24514073542957338,-2.0857,-1.5428490894756617
1.2990747993472358,0.29052453010977897,-2.0857,-1.5446
1.3132443808200605,0.3051402005260715,-2.0857,-1.5446
1.2067758190062308,0.4819195415477333,-1.8504310291832795,-1.5446
0.8941757184567803,0.787390016354869,-1.6136834913351348,-1.5446
0.821984185492372,0.8276431632769695,-1.4232460408234553,-1.5446
0.8065979311196377,0.895980718191026,-1.3720733552494107,-1.5446
0.7697488378209131,1.023335104993851,-1.3493649971018966,-1.4795986581843563
0.770344060323262,1.0449493072587674,-1.3376952459155482,-1.4528739149083978
0.6935749930777807,1.0563968697571127,-1.2927904295499004,-1.408507826937309
0.48451111133081365,1.1285934477935153,-1.254728650308183,-1.3344878308300654
0.14425737848656536,1.1510592602862872,-1.2958909573038884,-1.3804533902375145
-0.17857841312289835,0.9757989131692764,-1.3989277835514675,-1.5446
-0.49293477526314083,0.7077172323308154,-1.4758147877129624,-1.5446
-0.7266233249415005,0.49871727509223973,-1.4004670565202977,-1.5446
-0.7171775571865615,0.4073511699066843,-1.334790993442996,-1.5446
-0.6437567804326065,0.31831558986588204,-1.14335803380278,-1.5446
1.0591790943261326,0.1257653452523546,-2.052982537108176,-1.5446
1.422529133330908,0.036029003494996825,-2.0857,-1.2618660996266222
1.30638383312914,0.06561848813380977,-2.0857,-0.9521423741951013
1.0760877781512763,0.08978795997457589,-2.0857,-0.5082165149856136
2.0857,-0.07140838142841832,-1.3096329378387574,-0.14856299174662338
-2.0857,-0.10326536510306572,-0.14218246630595224,-0.08525180664818484
-2.0857,-0.042714218102076096,-1.5358359645451172,-0.1377954519607451
-1.289025593266417,0.016829377004575763,-2.0857,-0.16092830610786185
-0.5482693946034327,0.0753032982397126,-2.0857,-0.18553250088965917
-1.961887332260018,-0.016560640999097043,-1.9721963550605293,-0.22480680059093688
-0.9723402030033542,0.026695119601015893,-2.0857,-0.21824193345235499
-1.0481345637645563,0.01864662290050978,-2.0857,-0.20670749467031027
-2.0857,-0.03724570068220512,-0.9816612556287558,-0.23004146859435493
-2.0857,-0.020321834372833525,-0.808306824711292,-0.20045340084389038
0.7723966903301341,0.04074781857907084,-2.0857,-0.14581941685359984
0.992870439094766,0.08410423992776561,-2.0857,-0.22668346985310223
1.2406642502193599,0.07339348157273307,-2.0857,-0.3056139435881591
1.350769196109091,0.054257967927823225,-2.0857,-0.2643092754808283
1.4755250810861595,0.023545081439015902,-2.0857,-0.17971004206000799
1.3047171056744136,0.06679117845049798,-2.0857,-0.14509327716072334
1.4678664581893894,0.021626465599209554,-2.0857,-0.11053712599319393
1.7801705114668873,-0.04522495262373383,-1.7664012984588928,-0.14050025606485494
1.8689246421579988,-0.05582929432029515,-1.5465539917147169,-0.1253851726859981
1.9386077404902367,-0.06589303512220401,-1.2107469263989843,-0.12433644919873296
1.5974518272468794,-0.0044250970876829054,-1.6256186654331948,-0.12777315567155015
1.1812208904658013,0.05358073653252893,-2.0283043410045587,-0.10607288661440574
1.2276427910274998,0.044971903559530846,-2.0857,-0.13977895059787476
1.8280518621713455,-0.032040376187941755,-1.6963916723724668,-0.1343178990481108
1.5336795100156113,0.004048615373558606,-1.8169553684213169,-0.16286240693235027
1.367365565718258,0.02362758195066683,-1.9332885615034887,-0.1680174430888094
1.538563897957608,0.0032501570858554096,-1.613720315163734,-0.18293331581441438
1.79918396027305,-0.01802706842383439,-1.1543709526471442,-0.16585663919785648
0.8183039430645903,0.08132558788519018,-2.0857,-0.17299592860746743
0.5952959301940581,0.1458049218377091,-2.0857,-0.11820304697147348
0.6720124056307463,0.14267495485307968,-2.0857,-0.12604829140813134
1.2567809931819693,0.05186877491893083,-1.8141709810875775,-0.09427594256707929
1.5611240005382472,0.0018712965506320067,-0.5347457166981077,-0.11904710428417714
1.8932783543233214,-0.08088970227577552,-0.5147896017174144,-0.15774067250639598
1.9767688847064904,-0.12265844258688263,-1.3199582552213884,-0.3322691263136117
1.646361305659132,-0.045855441114611484,-2.035587576921574,-0.6347479732134323
1.5053165700521942,0.06072587013607844,-2.0857,-1.0173832896433184
1.446012777779242,0.16303414271186112,-2.0857,-0.9347328258792141
1.42763547529206,0.1500445672102182,-1.3979383189261814,-0.42873166068321006
1.458674112547704,0.11295177568144332,-0.832863080469386,-0.5339467247348019
1.3701847134122842,0.19805856971695102,-0.7143682425264898,-0.5880601409467788
1.3441310296501379,0.2323993270145326,-0.7199615978397157,-0.5897679691032915
1.32595637775181,0.24539258083311144,-0.7217552168445825,-0.6026413836271785
1.3153785840226433,0.24152306654284117,-0.7479719946846367,-0.6826508516016908
1.4550474773125732,0.09567145576631964,-0.7500536067894086,-0.7835836564022471
1.5315532680877681,0.02400449028601548,-0.8097670591746089,-0.9951050427990992
1.4343403221154654,0.07364385735199486,-0.8438496959684897,-1.087409950811069
1.4855709631909262,0.0427365473438277,-1.3039961834212643,-1.4790240795784428
1.4800059322073196,0.04513244261328864,-1.1132347605143345,-1.1819625919036127
1.2220318724813044,0.16732805298734643,-1.3886025683969225,-1.5446
1.3383510702170898,0.12232030078720357,-1.7289764455535679,-1.5446
1.2654881928861719,0.1709369960409164,-1.7441321680119508,-1.5446
1.2049409245115748,0.2505104267993252,-1.72417611074833,-1.5446
1.3133260098141737,0.24122501661952445,-1.9169166523861048,-1.5446
1.393082375673804,0.20952259691123376,-2.047500719570669,-1.5446
1.4108558354124958,0.21379178107753138,-1.8511775320256092,-1.3307188217201258
1.3779371358105097,0.3112959774267938,-1.7210748512584513,-0.7460637458558292
1.3782501158062839,0.35511526276981775,-1.2581605008837633,-0.3844043356323062
1.3492516984008465,0.4889727029047324,-1.1429016686113331,-0.38068822504148286
1.358548741434275,0.48869889218178963,-0.9165048617511297,-0.2790576300946764
1.3305722246204017,0.5483080082138581,-0.8222012760000796,-0.3881275385164929
1.256713431746838,0.6725835172394167,-0.8646165764638262,-0.5273483931501841
1.1223310866134732,0.8368566328835092,-0.8692230965130804,-0.5395930176183249
1.1164208902217785,0.8658285491914046,-0.904002238321605,-0.4726238531013645
1.255195396726895,0.6890553183623145,-0.7989439270694738,-0.3874011730378403
1.316930454988831,0.5455411554044818,-0.812612571804134,-0.43322077579218676
1.367016241633715,0.43051075792217364,-0.8366994483677116,-0.4671202275660379
1.4156461567272551,0.32430841842855473,-0.8373249270388877,-0.4911071533617361
1.4601473386933144,0.2320387417597436,-0.834404115213089,-0.5072282393738073
1.446152325317419,0.26524613070023406,-0.8133750584076759,-0.484398506355646
1.4585804092690038,0.2412591762353855,-0.7915838225518909,-0.42909440139310673
1.43027365084309,0.2998147959695472,-0.8098594092508836,-0.42908059521089326
1.4662645267559238,0.2032062592611361,-0.8145285672185286,-0.45254446911542445
1.4579113172645584,0.19405248662202212,-0.7862239692923114,-0.45690485002015535
1.432799467404632,0.2171121996060621,-0.7303278675738164,-0.36669526874135216
1.4455886847957389,0.19472835392552246,-0.8528459067938012,-0.27452064413057703
1.5313309201861665,0.05786920098611592,-0.7867648313365172,-0.23600055515478646
1.6321966354974642,-0.08621054381176663,-0.9182229191414545,-0.1661571844910605
1.677087202873553,-0.138819919038077,-1.6105019221531454,-0.2070312399775879
1.6207381510310328,-0.06290274393784268,-1.7111695736347687,-0.2039847729968701
1.5773917220538773,-0.00809521991801021,-1.7663137686841643,-0.18767836888764292
1.5277450883654873,0.05429534207467657,-1.8183131087120135,-0.22222769123928457
1.5083417730124076,0.07718645230284671,-1.853353213082864,-0.2284563604995297
1.501618001340752,0.08390405133849055,-1.888184897262563,-0.22713602871457864
1.5157634408088947,0.06363990849520396,-1.835452369741536,-0.1830645516271229
1.5338068228530974,0.043847898330778845,-1.931514759798377,-0.19316033743372574
1.630733725254897,-0.06280376238796093,-2.0426926310487437,-0.252194484387841
1.7393158442427878,-0.1610201698720939,-2.0857,-0.27271644866806855
1.788181274929716,-0.19399088108646456,-2.0857,-0.29340216079256715
1.8363419943700545,-0.24441778245823031,-2.0857,-0.30508745021208206
1.829720747909912,-0.2465282039577399,-2.0857,-0.30217989389338334
1.7384952945164538,-0.17711808831513265,-2.0857,-0.2683143398838947
1.6147603610720016,-0.05384973737110088,-2.0857,-0.25909267247255124
1.6187676017365074,-0.06695234160506791,-2.0857,-0.22026170688896116
1.6327361072926974,-0.09337471931779384,-2.0857,-0.2246538239903176
1.639834179863436,-0.1110654767866115,-2.0857,-0.2313562607949036
1.6722430129706685,-0.17161879317097717,-2.0857,-0.17753594608913767
1.7019099721200637,-0.26074555705167946,-2.0857,-0.24512371926388515
1.7731286223050746,-0.3142,-2.0857,-0.28084137827905753
1.818673995391493,-0.3142,-2.0857,-0.3138945927647798
1.8333299943817412,-0.3142,-2.0857,-0.27815702390414
1.8395888326426322,-0.3142,-2.0857,-0.2660729097741934
1.857165231941551,-0.3142,-2.0857,-0.23224905136080531
1.8652876422177844,-0.3142,-2.0857,-0.24129492192054378
1.8434205580182748,-0.3142,-2.0857,-0.2740869873097915
1.7885928624610599,-0.3142,-2.0857,-0.2797490864496072
1.7065507680695073,-0.1898070470714297,-2.0857,-0.21901847465410237
1.6870769822590002,-0.17311839334938917,-2.0857,-0.27418130661534057
1.6055248336182049,-0.05266249717786131,-2.082870242955591,-0.2982562156163443
1.5695330193969317,0.001882530160760565,-1.7761325214786872,-0.34032422895168035
1.5678474781487186,0.004335976544505904,-1.79631687131189,-0.3717508881524817
1.586205454540199,-0.022455928441880824,-1.872629223996634,-0.39010803051068577
1.639650129212585,-0.09892840945634984,-1.9560460675867304,-0.41694725192165094
1.7822218460466652,-0.2269080048984511,-2.0857,-0.3845125070495584
1.8565820309622534,-0.31040299404622074,-2.0857,-0.3310153529762444
2.031538680628278,-0.3142,-2.0857,-0.3100685912778284
1.9256614002166927,-0.3142,-2.0857,-0.3025979458455125
2.005047978175937,-0.3142,-2.0857,-0.38573303245405494
1.8547368807040985,-0.3142,-2.0857,-0.41968260092801135
1.7060987930347278,-0.24978233918868864,-2.0857,-0.3573420351428312
1.6455964889403827,-0.13675696937489223,-2.0857,-0.259389247425634
1.628970631324072,-0.08526611678767493,-2.0141834568814008,-0.04254907486047053
1.5807674702679657,-0.01156817455344683,-0.5596563143842354,-0.21476473902532972
1.4183981341899006,0.14010153574777706,-0.6301194105481059,-0.3972176797318037
1.347926357129266,0.18194619805670076,-0.6183097093172788,-0.4317105809741342
1.2704085599952657,0.2319322179337795,-0.597917899136172,-0.4524456598187056
1.3160000600686605,0.17962565977426737,-0.6474726267167917,-0.6063392926473566
1.0584883836839862,0.35618342070781384,-0.6809509547324448,-0.7117529792521138
0.7839314304430194,0.550678669842867,-0.8375522695887998,-0.9175057348143174
0.6820262727415458,0.9598403404551538,-1.211848496114401,-1.3472530670022849
0.497476487462144,1.3204211492690552,-1.1719766036099937,-0.9940195346558136
0.44048719082122756,1.3265,-1.3330442904445097,-0.9525397808248435
0.3238025192199033,1.3265,-1.4493560368349039,-1.0643727756602441
0.04338110486672495,1.3265,-1.4543576026564349,-0.9918937707202504
0.06897914907818826,1.3265,-1.515515593394894,-0.9519017892481578
0.007237921329382649,1.3265,-1.4645844317501275,-1.2364417426791803
-0.048010605880763266,1.3265,-1.5215112259905985,-1.2332175674281745
-0.07238178751422973,1.3265,-1.507463371903103,-1.197149222402265
-0.5722241348578821,1.3265,-1.4500894290040887,-1.266948918910124
-0.5992892852651353,1.3029614107372458,-1.3458467946852115,-1.2845159126349182
-0.3993430247346065,1.237535179699519,-1.395964383028216,-1.4155215146803573
-0.34739401796946534,1.2635317541741227,-1.4361472258678525,-1.4899710096017447
-0.1129658980539037,1.2043942506214007,-1.4586865421981599,-1.5146544104354407
0.24449318549946275,1.1892878868436962,-1.5467863342006314,-1.5446
0.6370683790904857,1.0898324770852528,-1.486825666983214,-1.5446
1.043636391796214,0.6929022027896551,-1.4728254874126134,-1.5446
1.2424739353938803,0.48659487591016304,-1.402131553166483,-1.3112198240661406
1.4598179026427656,0.18581392931815577,-1.2600709232066554,-1.0190331355037063
1.7120758408425336,-0.2410164103892818,-1.1856272582275473,-0.8799274956846932
1.858928446977648,-0.3142,-1.0283677050065958,-0.7211967247129486
1.9072200782114004,-0.3142,-0.9854355163306823,-0.6838445239941259
1.9600898116209295,-0.3142,-0.9554832419167038,-0.7956877010308199
2.0404470347268386,-0.3142,-0.9495015481633284,-0.8077462209164098
2.0810499970680305,-0.3142,-0.9023681758029364,-0.74711172070187
2.0857,-0.3142,-0.8827322672520437,-0.7634361911533568
2.0857,-0.3142,-0.8856116798685465,-0.7690614898584497
2.0813482383507456,-0.3142,-0.859043117359559,-0.6976520584624928
2.0796927171794857,-0.3142,-0.8632872035999924,-0.6551766318843616
2.058510661852456,-0.3142,-0.8447968408731358,-0.6710531922802107
2.0857,-0.3142,-0.8853821898606444,-0.6657261765792999
2.0857,-0.3142,-0.9605625545018848,-0.73048767717912
2.0857,-0.3142,-0.9922220562947959,-0.7464610487115257
2.0857,-0.3142,-0.9662915716040508,-0.7358011158514433
2.0857,-0.3142,-0.9448764537936534,-0.7086218286550025
2.0857,-0.3142,-0.9589772801663803,-0.7139653320779923
2.0857,-0.3142,-0.9379843505709081,-0.7067113283137935
2.0857,-0.3142,-0.900095331133314,-0.6908640624821998
2.0857,-0.3142,-0.8656232233158399,-0.6672878803651229
2.0857,-0.3142,-0.861314552883436,-0.6332844128852648
2.0732813726047628,-0.3142,-0.8566957538665606,-0.6205483326045317
2.042651576112366,-0.3142,-0.9066037524528415,-0.6146845976271265
2.020184355505772,-0.3142,-0.9472467331876527,-0.657245681701921
1.9730083205407463,-0.3142,-0.9905370585530742,-0.7288299338747977
1.8509751418410167,-0.3142,-0.987500336726416,-0.6857964891612893
1.8129994304769859,-0.3081295051010111,-0.9908784215098455,-0.727429355202199
1.718795767286245,-0.21049898881469464,-0.9808939195252656,-0.7436744893494627
1.6476606543412295,-0.1287967716095042,-0.9340793051001978,-0.7152519823662759
1.6248563480991096,-0.09961597437759329,-0.9355314088079819,-0.7031719365255504
1.6025493353137026,-0.06291660005863386,-0.9246842351291789,-0.6609083307032361
1.6892032623669773,-0.21325898205087013,-0.9786169747498793,-0.7376285143933696
1.7770911256164006,-0.3142,-1.0704262932051463,-0.8507577032088649
1.7121157962981337,-0.22461747399151943,-0.9337309737863912,-0.7235238844245055
1.7436258009415517,-0.2627690688481743,-0.9454849325912066,-0.7489982976848867
1.8055186999361312,-0.3009760989178458,-1.0124379073985357,-0.8251307661364847
1.8350062517239099,-0.3134753558041876,-1.0474482504939557,-0.8755810350739526
1.7719416088989879,-0.2323416894116681,-1.0139913349844991,-0.9021195951709752
1.7952293194391777,-0.3033856296684816,-1.1611559087035035,-0.8584925401086766
1.8154596732679347,-0.3142,-1.2006285650493986,-0.9240093902355538
1.784239750768155,-0.2707910942385745,-1.151420874074101,-0.9793642425659688
1.8341028634791334,-0.3142,-1.170139077333923,-0.9363860433022719
1.9519386535592447,-0.3142,-1.226475242326862,-0.9648441331446544
1.8551116570945976,-0.3142,-1.1017930557519402,-0.8944145687312337
1.7668984445841278,-0.2569769195177716,-1.1084604573196606,-0.8460587621881096
1.7833905239237886,-0.2934452043754088,-1.108723434782124,-0.7955583561706776
1.7949836373410353,-0.3142,-0.9770144223469671,-0.6866668367501156
1.7858192702830211,-0.3142,-0.9425337552659118,-0.6126963950784781
1.6728690025110569,-0.21945275635412442,-0.7904334593574841,-0.4111482634411213
1.6342084037654205,-0.1284281659415869,-0.7620500591880461,-0.38719216037019705
1.5645709895885993,0.011968059269328757,-0.7634983731231086,-0.4263476353269527
1.6087561798424503,-0.06308802250150292,-0.8104568916815292,-0.5357087946433261
1.6388229997016934,-0.07918770571976452,-0.8885497007408698,-0.8789031908756031
1.490921096519669,0.07787781740404975,-0.9915572713039336,-1.1608571801258785
0.75091820826847,0.5928039697342848,-1.1826621732817544,-1.5446
0.41861448877772106,0.8488498199560356,-1.4810705842693674,-1.5446
0.446618714046129,1.0087466015845301,-1.5943413696484554,-1.5446
0.6069679321153542,1.0972422974195584,-1.938206316103991,-1.5446
0.925855951477468,0.9058411599553413,-2.0857,-1.5446
1.1720997959286523,0.6397862566264,-2.0857,-1.5446
1.1915804341607457,0.6279579797436204,-1.9330591752746746,-1.475860195426944
1.1978175120115706,0.5859120912279018,-0.8875165104478687,-0.158802420642374
1.4903373309268875,0.1789432371777191,-1.6987397013876522,-0.12120176947977046
1.4080036142555603,0.4808251086912594,-2.0857,-0.17624668034159882
1.4437170162806021,0.3918430467374008,-2.0857,-0.14709300908066536
1.390706438152432,0.45668097101567917,-2.0857,-0.12469995022870833
1.4020389162806275,0.4208392200814013,-1.8785065009945083,-0.1632674173931184
1.4148523245513835,0.37783057179585167,-1.8344858111390356,-0.12257711278713876
1.3890854928338838,0.39120197895772035,-1.282851113957364,-0.09667370967027977
1.444198905494592,0.24133726564586255,-0.7990364551141746,-0.11717821808099327
1.5648365015074441,0.009237546045868461,-0.5980381070161145,-0.12859570566184017
1.5565420278114046,0.020201616739224715,-0.594450513353694,-0.2201622399801927
1.4174247842861045,0.2080602891363481,-0.6088754979548099,-0.2643491311523153
1.426627259433561,0.21521854174050725,-0.8876038876579251,-0.32365571359094114
1.453113076976137,0.2242816358307833,-1.1736057516740501,-0.3245853886028913
1.519158988810963,0.11776900835213966,-1.1363449331654192,-0.2532165870653887
1.516125690777116,0.16214443448928306,-1.2771654049688124,-0.16679660918111447
1.5924358692735736,-0.06540943972592306,-1.2633422957370501,-0.1507666482366939
1.5690484415189485,0.005246641729990786,-1.0804424482291495,-0.16907363428860736
1.6250779861673226,-0.15873857160817795,-1.0451784346443453,-0.18293560381990467
1.6078957300271035,-0.09505326985946061,-1.025167095732633,-0.2052188012770406
1.568668696942896,0.004436234941789019,-0.8210566712096459,-0.2269091137538508
1.5305626415310982,0.06672336606153251,-0.6950004727450952,-0.29400267020748466
1.5830476389561912,-0.016744280199526784,-0.7198370594364015,-0.42283394696604754
1.5324340974318749,0.04134988394183026,-0.7449573441918718,-0.6453623206108696
1.1079188924180337,0.35463993453515497,-0.9304807958790334,-1.0539753388932251
0.6191802597391353,0.49147445354135777,-1.026446316603657,-1.454026150808955
-0.4129399252667849,0.5039504950040761,-1.4088319517690278,-1.5446
-0.6326720678280426,0.826344475230919,-1.2947395467002543,-1.5446
-0.9114898504392348,0.9034523015429796,-1.0196709334234486,-0.67368008416801
-1.0019472571501589,1.0203808091883877,-1.2389310497854276,-0.4695441067489435
-1.4637361390697758,0.30296361371311686,-0.8495816233659915,-0.2704268186723838
-1.5812489339778115,-0.04278041118589826,-0.9632292939347844,-0.17616428986256244
-1.6352352833621369,-0.30451901080783506,-0.8553208063399278,-0.11037031964517678
-1.4636968109466786,0.5171530156195197,-1.0401088913676493,-0.25144526342125456
-1.362917821008867,0.8543187117625306,-1.133972240953732,-0.3010338629132276
-1.4435223876922847,0.6172385098211478,-1.0997037983371678,-0.2735009842891048
-1.4177096493575563,0.6567808323829589,-1.091298354133431,-0.30306103788212224
-1.279031742347572,0.9167336786054902,-1.2108163581560492,-0.42361961368921935
-1.3139070381668068,0.8564542691915578,-1.1765534516232121,-0.4176314798011954
-1.3920882565318666,0.7113580958855783,-1.073365624782998,-0.40274498153905613
-1.4138652335997968,0.6553657404017978,-1.093742049130468,-0.4806188586177664
-1.3804976616959472,0.7563135853139316,-1.0662114734852934,-0.5731223223363467
-1.252646428386801,0.8863438437027875,-1.1353432547119011,-0.7630360624457663
-1.1662612772066443,0.8532710089524085,-1.1538176169935737,-0.8955093682773536
-1.1278150905312037,0.7717456939037716,-1.1609659953218974,-1.0082997184905662
-0.9047993557647509,0.8551398468362533,-1.2663851682808742,-1.2320459709842877
-0.7259008935496739,0.9296126488613992,-1.318483913985077,-1.3225627853944102
-0.536854938248077,0.9198718155000419,-1.3733106534697193,-1.4530876574085756
-0.4407721329138764,0.884798468931435,-1.4000376286409655,-1.537451357015942
-0.30268212497350194,0.818214741049545,-1.4213460993296525,-1.5446
-0.37354040004318534,0.597314847288325,-1.4204433577935516,-1.5446
-0.3151645449766545,0.5631353269461508,-1.4324233742436316,-1.5446
-0.058342586338309584,0.6602713740200056,-1.485220737763603,-1.5446
0.030524240202463904,0.6651416420565935,-1.507565892850941,-1.5446
0.19028538430542427,0.5931175028473799,-1.541742161821121,-1.5446
0.7227342848105349,0.5264718279156182,-1.5946642792869807,-1.5446
0.9373875944117305,0.47638456290291065,-1.6676509076678037,-1.5446
0.9805841800472306,0.5439532867625583,-1.6191126013135577,-1.5446
1.0389397500030033,0.42867232779127806,-1.452995864202911,-1.5446
1.077687259258145,0.391563088760682,-1.1716587497733344,-1.3098061803523737
1.023416016978582,0.3801989613264929,-0.6585478022217877,-0.3049093560166554
1.3209299309285427,0.12944484524975586,-0.47905310039741844,-0.13040327021721174
1.7006156777044035,-0.05175171320263772,-0.6788865797685231,-0.20828043866497012
1.4749516699718954,0.02990741347683601,-0.4102162707009383,-0.24942938123663794
0.6056458801277661,0.36626567665501164,-0.48342637568150487,-0.5247206934635232
0.1414941339829422,0.6440856172137294,-1.0997830058911038,-1.454114884720788
0.23460064578509526,1.201567344638852,-1.2737699785644383,-1.3364202402849703
0.3042942830459339,1.3265,-1.291718614708545,-0.8909643650653365
0.27664512998496654,1.3265,-1.2087370339059293,-1.0490090636256675
0.07217649822301311,1.1667144393361086,-1.4101056079489314,-1.5446
0.07445842452949136,0.9436014812699456,-1.3102391899828458,-1.5446
0.3162189519398437,0.8053420111278035,-1.3630295073888632,-1.5446
1.1802592944670272,0.5959174775550753,-1.4165849454382835,-1.5446
1.1045840359909964,0.47729609348199187,-1.2484134661823423,-1.5446
1.064926205388156,0.9211017332144833,-1.3896157233417017,-1.1164556961178496
-0.7701827640774115,1.3265,-1.1879257556453762,-0.4332549337548537
-1.1095372108107893,1.3265,-2.0796491672261785,-0.7183921326681386
0.2778139845190926,1.3265,-1.8245029264602233,-0.4033189222556144
0.42855410987728876,1.3265,-1.6880497566681987,-0.5214784014435653
0.7052522837248892,0.8602430320738885,-1.7049583668529689,-0.8822069882773551
1.3383118522144886,0.43185021701508086,-1.9469613380036594,-0.37428775309594153
1.444051117512881,0.18847393992506656,-1.2830124694750902,-0.335650298208225
1.4160453180997283,0.2830062271543694,-1.6896494258920198,-0.20139896891221915
1.3933332031161818,0.3915427512741432,-1.6270170341089396,-0.11803927734883325
1.4703781773132472,0.2080315103895276,-0.6666970929136531,-0.11843953468536977
1.4902015648363651,0.17004150448866295,-0.6897278967207694,-0.23076458645495246
1.2813424482675861,0.6146379250489045,-0.7048727214486274,-0.22205259584935425
1.234951589139474,0.6955739431699501,-0.7400622466692952,-0.28199357892055077
1.2161493988690713,0.6606521539940504,-0.7191913704404209,-0.2754700502552782
1.235047545195272,0.5775649394620835,-0.7112956565010163,-0.25782689802004394
1.254266258141908,0.47268688448458107,-0.7213982109131909,-0.28216659780574127
1.3233691659325997,0.3457344298184002,-0.6231507997280289,-0.24734350502756766
1.3594667385411379,0.2755133071692766,-0.5699842781608294,-0.20751983211555564
1.2161328953457444,0.4106362537941126,-0.5728368903363524,-0.1854954020315298
1.2438823913058077,0.3664482337598427,-0.6114351071418207,-0.15350057819059457
1.2354436346064845,0.3650632452633622,-0.7016248178931417,-0.1490618459776944
1.184277795308502,0.41407073828853735,-0.6203697492705695,-0.14577080909814524
1.2220321637678448,0.37941562394221484,-0.6069270878124863,-0.15712373421720727
1.274175838347622,0.3526805783536633,-0.590749248054073,-0.10967445961016724
1.3532039478175277,0.27967144406908684,-1.237659314891836,-0.0917083538716926
1.408052568738663,0.24027956905981562,-1.8106286061298116,-0.09854792330657614
1.494649806206415,0.15538112243991864,-2.0857,-0.15725371428005894
1.5899375313076742,-0.03791058844669948,-2.0857,-0.07132607934296735
1.659224450292374,-0.1151563411781158,-0.6640064807150838,-0.35689342378537475
1.8009702631575886,-0.1752543290400399,-0.7117917022465425,-0.6675717643249028
1.9161685698583384,-0.17118789474773632,-0.8554582355133578,-1.0662796721282166
1.9486129935978558,-0.17628713037009547,-1.1686791992656533,-1.3340782369197308
1.9453355379368198,-0.15094209061625152,-1.1259544256949996,-1.3456949804269973
1.4723848570222628,0.031935951326885315,-0.8173295895973548,-1.119226735478285
1.0556537920505835,0.15501347745913985,-0.6584206041963349,-1.0032312095996292
0.6961894685640343,0.16859687628278253,-0.6884302377104597,-0.9497793012160121
0.19741709900604668,0.33645158236216055,-0.8023682398977893,-0.6954949387137739
-0.09654747684337676,0.4912028398741701,-0.674813659141494,-0.27784985339536095
-0.14132080125391058,0.628191895151139,-0.6556994041708635,-0.24870464243536156
-0.044350828477680466,0.7167706131526832,-1.4132261148422334,-0.6997675875290309
0.11055767765956055,0.6102334331366206,-1.6047041773506243,-1.0686297376419591
0.3464239256934156,0.6021658906791676,-1.732473459918253,-1.4703729959054148
0.4724123522207425,0.6585464313965792,-1.8224178373332005,-1.5446
0.6728742760460178,0.7050213996328811,-1.8876210685915158,-1.5446
0.9513725511967791,0.674553351262933,-1.9972096143083549,-1.5446
1.1354716826225368,0.5999110287912327,-2.0857,-1.5446
1.1803318872749455,0.5086324083512459,-1.968375236351727,-1.5446
1.0831784300411451,0.45954350676264655,-1.6777514423250188,-1.5446
0.7437506707128368,0.5262847384976568,-1.1183143354526008,-1.3348220181219825
-0.35280280755790255,0.7778648214302466,-1.4447133820852225,-1.5446
-1.0156000904014602,0.610428100117961,-1.69832051031335,-1.5446
-1.2048096838594522,0.7224570976847926,-1.6856898326965692,-1.5446
-1.2844376733207925,0.8318372171111766,-1.5606537546965085,-1.5446
-1.3103119323714092,0.8667897376445097,-1.3959179186962336,-1.35286633870979
-1.3167718268195072,1.085779211237977,-1.327110795611629,-1.127240540928867
-1.311788780182111,1.0088874748998482,-1.2964303214790032,-1.1023703576059694
-1.3286847978223124,0.676321367046433,-1.2871877517945642,-1.2617750480385026
-0.8793971827834595,0.7747756762760168,-1.0615105997003202,-1.0221474022154946
-0.33030512969978343,0.923732589369091,-1.2894577027196492,-1.1077659219225093
0.8596894116849014,0.7035686783991024,-1.9217728420784599,-1.5446
1.090626311937737,0.6091775786914753,-1.9986056431756203,-1.5446
1.1881153410508698,0.6602552008664005,-1.7843087727114115,-1.4939244695477851
1.2409119274901692,0.7232314030374725,-0.8300462277016479,-0.21407158856349384
1.2628145788068987,1.0975449966775606,-0.9629049302018637,-0.11018829426546041
0.9357341457262933,1.3265,-0.9043497857881608,-0.11122568321794064
0.9641687690514226,1.3265,-0.8775660146659288,-0.19789455002866943
0.9115868717473081,1.3265,-0.9168548391975005,-0.24427106848527952
0.8851745386048351,1.3265,-0.9559613937002107,-0.3119739030451925
0.9239778988198879,1.3265,-0.9594446428066018,-0.33123593307227245
0.9699595813651625,1.3265,-0.9499261489441571,-0.37127077841555545
0.9940505939590013,1.3265,-0.9552969613733807,-0.38674484665638237
1.0274712015586789,1.1970533797203964,-0.9523344514622604,-0.47623266249614415
1.0699243962423457,1.0042806302205758,-0.9223656158124288,-0.2997983905094004
1.1067345500037784,0.7336667708468788,-0.7585460383197768,-0.3467568761080468
1.0927057091330412,0.769922808231025,-0.7584000306880058,-0.33614225530794317
1.0547249951300242,0.8982561975227162,-0.830351096484591,-0.4370871792137138
1.0613873780014433,1.185360880943437,-1.2860858799844948,-1.1874596218950522
1.0533802304474116,1.3265,-1.568516251644098,-1.4766769296931277
0.973621271079111,1.3265,-1.6919106077176091,-1.5446
1.074629358076335,1.3265,-1.689711449192944,-1.5446
1.1126794010247827,1.3265,-1.6969816235988202,-1.5446
1.1010705824499554,1.3265,-1.6587994662514736,-1.5446
1.0724469905256548,0.8826731415122547,-1.5689859493442702,-1.5446
1.0658375000017282,0.5737093759492635,-1.5391482462357353,-1.5446
0.8806840970605259,0.3422011906275584,-1.4760366642682532,-1.5446
1.062573362423968,0.13425988871797068,-1.370345906405511,-1.5446
0.8238207412100068,0.2544061243142681,-1.327307381203581,-1.5446
0.9550994913639739,0.35747377074840814,-1.2997285238799983,-1.5446
1.1777893709399176,0.3924912801694551,-1.2023018104584031,-1.5446
1.2767784689133364,0.33801831302477714,-1.06110629389559,-1.205607096131111
1.381323882184692,0.32439747130298957,-0.8522905250654577,-0.5068686344418531
1.5091924215034105,0.11375849267475235,-0.8790020790676463,-0.15656769002446766
1.5434169576758052,0.05229347687549035,-1.457735322849174,-0.08372346576472212
1.4922848241877507,0.14978794229647918,-1.0763266235848368,-0.06425163769928109
1.536013467607461,0.06267011314250093,-0.7596360341415432,-0.17843655475456546
1.497761798393946,0.12642013784073813,-0.7510615010574314,-0.4257990724275949
1.5173096732060327,0.09291921872353082,-0.8642130513212577,-0.6012369845787879
1.4367164464448419,0.20822067125458865,-0.873283016196417,-0.6738839499173
1.5071964048108057,0.09621226064489763,-0.9481393568054493,-0.8046030278427624
1.6360505184465526,-0.09213329111711355,-1.0292494581481744,-0.94369783905096
1.7217188503932706,-0.21475975064975472,-1.1227779621035638,-1.009914311859695
1.7280523484226176,-0.20920262186801453,-1.1501923826958278,-1.1188479519684218
1.7471613462520683,-0.24107815556596468,-1.1939733525204108,-1.152645219690157
1.8147249895037239,-0.3142,-1.2520018380739268,-1.092986524471637
1.7656019359706978,-0.300336226687381,-1.1083568577274632,-0.8378329650208589
1.7978605731844812,-0.3142,-0.8687240850014931,-0.41687262573514905
1.9648022667214187,-0.3142,-0.7060096546622351,-0.29877259681044216
2.007096634312342,-0.3142,-1.0365899600730877,-0.45138739672522943
2.0857,-0.3142,-0.7146572241069794,-0.4092966264381918
2.0857,-0.3142,-0.764146169891025,-0.39872865777082184
2.0857,-0.3142,-0.6644784632535072,-0.4694033379070433
2.0857,-0.3142,-0.7424034590694928,-0.6392814645578706
2.0857,-0.3142,-0.5761429957891712,-0.45256563443465225
2.0857,-0.3142,-0.9565089872588529,-0.40378388587166364
2.0857,-0.3142,-1.6073991659406852,-1.5446
1.5211155920397703,0.05063456812405254,-1.3279231445717026,-1.484691126856137
0.9440477574349116,0.7825285660120411,-1.07210429859333,-0.8967795818427282
0.9484424647160539,0.7432247995903263,-1.1225427459901214,-0.8515116209558439
1.0943934288759685,0.6834022600214855,-1.193805845959891,-0.9863583339475078
1.097866908700922,1.0736113685102946,-1.3524530648704798,-1.1700560462577425
1.1514031327921208,1.3265,-1.393728796149831,-0.986677079916873
1.1202476527399572,1.3265,-1.450904761727604,-1.0183843850115157
1.1963530920306373,1.3265,-1.469002238905324,-0.9040647791372247
1.427236732929234,0.4412556187047483,-1.4989669216829518,-0.7630282537989526
1.4439885496674811,0.40579431506266794,-1.434795580820384,-0.6325783345435968
1.4973746276460391,0.15134724525094811,-1.4688542535219935,-0.5586945195689865
1.561732561998335,0.01796899689823106,-1.6973565074319317,-0.38311176091199356
1.748482097442577,-0.30848185119123306,-1.2460423134721992,-0.9711519217814999
1.434203925242841,0.3014174811296091,-0.8368656422537022,-0.4736073355955598
1.3222038625857295,0.3119567872070288,-0.8099493188334101,-0.6943754850549009
1.5153329216702833,0.061247979259834606,-0.8794255453497234,-0.8771475373112889
1.5306546121743232,0.04405885277529764,-0.8662597356094401,-0.845974475350887
1.5434088655788003,0.03167288854730721,-0.7850485345110477,-0.6935742738697996
1.682616366514116,-0.15319533016637554,-0.791858489661728,-0.5877061781646593
1.7955612036017474,-0.3142,-0.8385321364833089,-0.5529032563089248
1.8136521403793007,-0.3142,-0.8282404115002274,-0.5539054926137851
1.7704065899123673,-0.312605710932377,-0.9318182868102777,-0.6581741872820204
1.6399844125385208,-0.10845451636217485,-1.0513645315818614,-0.8187674150134943
1.461886149874459,0.24966380625106588,-1.2564347974723282,-0.9124480920890847
1.3036780069483558,0.4432125606779045,-1.3961047565833589,-1.3122294006862738
0.986471989866429,0.7876451853957421,-1.5549851695398709,-1.4345060093991289
0.5987196576517974,0.8159939641698228,-1.5352611377426792,-1.4584590705995943
-0.21902834011133904,0.7822201352839896,-1.1547490139441425,-1.1429136397998487
-0.3046204182346931,0.6566830265708108,-1.1257715604462164,-1.124868315114851
-0.7812964011851582,0.46960700028331726,-0.8350005638022937,-0.8988763189794112
-1.2425393294399136,0.15272014899482644,-0.6614398204913424,-0.8750676981967621
-1.5677185214528009,0.0011163487886414192,-0.7476032476768687,-0.8760120850060202
-1.9197435369287454,-0.10412922149706216,-0.9307680914975478,-0.980223965255863
-2.0857,-0.3142,-1.199814819837684,-0.9832250765190872
-2.0833570028261557,-0.3142,-1.1393717871257072,-0.959896393266092
-2.030160477417309,-0.3142,-1.0824336243254602,-0.9317294302702418
-1.831456057187864,-0.2785860515538272,-0.9917153418377573,-0.8470376002725049
-1.7464770536398904,-0.22334341046134232,-0.9858938549986013,-0.8221378649370543
-1.6120656462771965,-0.06453897581020929,-0.9064209655254849,-0.749006418420727
-1.5786180881238747,-0.012646136777042294,-0.9383727887191687,-0.8139385120273203
-1.5517408561954025,0.030251721027444445,-0.9365821078028359,-0.8196474392576
-1.554161021454242,0.024989643470344935,-0.9234853913640639,-0.7844656301249414
-1.3955399648977298,0.2261639847388146,-0.8479284326989198,-0.7500048317896904
-1.519418555685967,0.06958775392533867,-0.9175308459998605,-0.7521795415484804
-1.4629790391756918,0.18415801419166056,-0.9625166268202351,-0.8599907043657122
-1.5763707901423083,-0.011168502381529777,-0.9959828404730663,-0.8232654425288026
-1.5275464785377921,0.04321950451862522,-0.936319841756774,-1.0367027650668978
-1.5831301524161157,-0.009406371946563574,-1.0159103200921227,-1.3060060032912844
-2.0857,-0.24108804465907552,-1.1017345967394356,-1.2636271310657397
2.0265482776331263,-0.2590528402435235,-2.0857,-1.5446
1.7396355323352843,-0.17621917010718158,-1.8706247945375452,-1.5446
1.7774148526403777,-0.25451671778368445,-1.870881669324222,-1.5446
1.6183867069024225,-0.07171992423531948,-1.7121000637098283,-1.5446
1.5129339335405192,0.11126768800506404,-1.5475318455395644,-1.296221842757946
1.3586687115994884,0.38595333234067275,-1.2903518037953592,-0.9678740822813547
1.2122732078946306,0.6464980979225974,-1.1054250349766883,-0.8105689034213677
1.2890130610639494,0.678007465090654,-1.19999432515325,-0.970047696185528
1.3605451974520624,0.8672589356157061,-1.308706581760085,-1.034332706132006
1.5501606167621043,0.08255700846594483,-1.3023358364934288,-1.215938882246221
1.583628761413527,-0.027052175724642913,-1.1503815182414885,-0.9317102489110471
1.5584748491286153,0.01708790363618551,-1.1698874318241461,-1.1090153152250382
1.469265580605159,0.18640978854050516,-1.2685060841217715,-1.4593384861677694
1.8271771873845422,-0.3142,-1.0739078581509875,-0.8405861550733021
1.6644625666048702,-0.3142,-1.1251428660538305,-0.7486389726944411
1.4207620274591959,0.5180177372449739,-1.0131441980539286,-0.7090391587109979
1.4718496276135116,0.4096961483048829,-1.0281166858958124,-0.7072253657536117
1.4718496276135116,0.4096961483048829,-1.0281166858958124,-0.7072253657536117
1.4718496276135116,0.4096961483048829,-1.0281166858958124,-0.7072253657536117
1.4718496276135116,0.4096961483048829,-1.0281166858958124,-0.7072253657536117
1.4718496276135116,0.4096961483048829,-1.0281166858958124,-0.7072253657536117
0.815494348797962,0.9932791299219922,-1.1921142674474088,-0.46234378084553407
0.815494348797962,0.9932791299219922,-1.1921142674474088,-0.46234378084553407
0.815494348797962,0.9932791299219922,-1.1921142674474088,-0.46234378084553407
0.815494348797962,0.9932791299219922,-1.1921142674474088,-0.46234378084553407
0.815494348797962,0.9932791299219922,-1.1921142674474088,-0.46234378084553407
0.815494348797962,0.9932791299219922,-1.1921142674474088,-0.46234378084553407
1.3817220747875536,0.38528635443640735,-1.941462155585461,-0.13205882509347225
0.9199858361099779,0.8487231202480772,-2.0857,-0.24384614457566312
0.8227631542117865,0.910973998383451,-2.0857,-0.34760734195684173
2.0857,-0.3142,-1.039724570217721,-0.3668748613713687
2.0857,-0.3142,-1.039724570217721,-0.3668748613713687
2.0857,-0.3142,-1.039724570217721,-0.3668748613713687
2.0857,-0.3142,-1.039724570217721,-0.3668748613713687
2.0857,-0.3142,-1.039724570217721,-0.3668748613713687
2.0857,-0.3142,-1.039724570217721,-0.3668748613713687
2.0857,-0.3142,-1.039724570217721,-0.3668748613713687
2.0857,-0.3142,-1.039724570217721,-0.3668748613713687
2.0857,-0.3142,-1.039724570217721,-0.3668748613713687
2.0857,-0.3142,-1.039724570217721,-0.3668748613713687
2.0857,-0.3142,-1.039724570217721,-0.3668748613713687
2.0857,-0.3142,-1.039724570217721,-0.3668748613713687
2.0857,-0.3142,-1.039724570217721,-0.3668748613713687
2.0857,-0.3142,-1.039724570217721,-0.3668748613713687
2.0857,-0.3142,-1.039724570217721,-0.3668748613713687
2.0857,-0.3142,-1.039724570217721,-0.3668748613713687
2.0857,-0.3142,-1.039724570217721,-0.3668748613713687
2.0857,-0.3142,-1.039724570217721,-0.3668748613713687
2.0857,-0.3142,-1.039724570217721,-0.3668748613713687
2.0857,-0.3142,-1.039724570217721,-0.3668748613713687
2.0857,-0.3142,-1.039724570217721,-0.3668748613713687
2.0857,-0.3142,-1.039724570217721,-0.3668748613713687
2.0857,-0.3142,-1.039724570217721,-0.3668748613713687
2.0857,-0.3142,-1.039724570217721,-0.3668748613713687
2.0857,-0.3142,-1.039724570217721,-0.3668748613713687
2.0857,-0.3142,-1.039724570217721,-0.3668748613713687
2.0857,-0.3142,-1.039724570217721,-0.3668748613713687
2.0857,-0.3142,-1.039724570217721,-0.3668748613713687
2.0857,-0.3142,-1.039724570217721,-0.3668748613713687
2.0857,-0.3142,-1.039724570217721,-0.3668748613713687
2.0857,-0.3142,-1.039724570217721,-0.3668748613713687
2.0857,-0.3142,-1.039724570217721,-0.3668748613713687
2.0857,-0.3142,-1.039724570217721,-0.3668748613713687
2.0857,-0.3142,-1.039724570217721,-0.3668748613713687
2.0857,-0.3142,-1.039724570217721,-0.3668748613713687
2.0857,-0.3142,-1.039724570217721,-0.3668748613713687
2.0857,-0.3142,-1.039724570217721,-0.3668748613713687
2.0857,-0.3142,-1.039724570217721,-0.3668748613713687
2.0857,-0.3142,-1.039724570217721,-0.3668748613713687
2.0857,-0.3142,-1.039724570217721,-0.3668748613713687
2.0857,-0.3142,-1.039724570217721,-0.3668748613713687
2.0857,-0.3142,-1.039724570217721,-0.3668748613713687
2.0857,-0.3142,-1.039724570217721,-0.3668748613713687
2.0857,-0.3142,-1.039724570217721,-0.3668748613713687
2.0857,-0.3142,-1.039724570217721,-0.3668748613713687
2.0857,-0.3142,-1.039724570217721,-0.3668748613713687
2.0857,-0.3142,-1.039724570217721,-0.3668748613713687
2.0857,-0.3142,-1.039724570217721,-0.3668748613713687
2.0857,-0.3142,-1.039724570217721,-0.3668748613713687
2.0857,-0.3142,-1.039724570217721,-0.3668748613713687
2.0857,-0.3142,-1.039724570217721,-0.3668748613713687
2.0857,-0.3142,-1.039724570217721,-0.3668748613713687
2.0857,-0.3142,-1.039724570217721,-0.3668748613713687
2.0857,-0.3142,-1.039724570217721,-0.3668748613713687
2.0857,-0.3142,-1.039724570217721,-0.3668748613713687
2.0857,-0.3142,-1.039724570217721,-0.3668748613713687
2.0857,-0.3142,-1.039724570217721,-0.3668748613713687
2.0857,-0.3142,-1.039724570217721,-0.3668748613713687
2.0857,-0.3142,-1.039724570217721,-0.3668748613713687
2.0857,-0.3142,-1.039724570217721,-0.3668748613713687
2.0857,-0.3142,-1.039724570217721,-0.3668748613713687
2.0857,-0.3142,-1.039724570217721,-0.3668748613713687
2.0857,-0.3142,-1.039724570217721,-0.3668748613713687
2.0857,-0.3142,-1.039724570217721,-0.3668748613713687
2.0857,-0.3142,-1.039724570217721,-0.3668748613713687
2.0857,-0.3142,-1.039724570217721,-0.3668748613713687
2.0857,-0.3142,-1.039724570217721,-0.3668748613713687
2.0857,-0.3142,-1.039724570217721,-0.3668748613713687
2.0857,-0.3142,-1.039724570217721,-0.3668748613713687
2.0857,-0.3142,-1.039724570217721,-0.3668748613713687
2.0857,-0.3142,-1.039724570217721,-0.3668748613713687
2.0857,-0.3142,-1.039724570217721,-0.3668748613713687
2.0857,-0.3142,-1.039724570217721,-0.3668748613713687
2.0857,-0.3142,-1.039724570217721,-0.3668748613713687
2.0857,-0.3142,-1.039724570217721,-0.3668748613713687
2.0857,-0.3142,-1.039724570217721,-0.3668748613713687
2.0857,-0.3142,-1.039724570217721,-0.3668748613713687
2.0857,-0.3142,-1.039724570217721,-0.3668748613713687
2.0857,-0.3142,-1.039724570217721,-0.3668748613713687
2.0857,-0.3142,-1.039724570217721,-0.3668748613713687
2.0857,-0.3142,-1.039724570217721,-0.3668748613713687
2.0857,-0.3142,-1.039724570217721,-0.3668748613713687
2.0857,-0.3142,-1.039724570217721,-0.3668748613713687
2.0857,-0.3142,-1.039724570217721,-0.3668748613713687
2.0857,-0.3142,-1.039724570217721,-0.3668748613713687
2.0857,-0.3142,-1.039724570217721,-0.3668748613713687
2.0857,-0.3142,-1.039724570217721,-0.3668748613713687
2.0857,-0.3142,-1.039724570217721,-0.3668748613713687
2.0857,-0.3142,-1.039724570217721,-0.3668748613713687
2.0857,-0.3142,-1.039724570217721,-0.3668748613713687
2.0857,-0.3142,-1.039724570217721,-0.3668748613713687
2.0857,-0.3142,-1.039724570217721,-0.3668748613713687
2.0857,-0.3142,-1.039724570217721,-0.3668748613713687
2.0857,-0.3142,-1.039724570217721,-0.3668748613713687
2.0857,-0.3142,-1.039724570217721,-0.3668748613713687
2.0857,-0.3142,-1.039724570217721,-0.3668748613713687
2.0857,-0.3142,-1.039724570217721,-0.3668748613713687
2.0857,-0.3142,-1.039724570217721,-0.3668748613713687
2.0857,-0.3142,-1.039724570217721,-0.3668748613713687
2.0857,-0.3142,-1.039724570217721,-0.3668748613713687
2.0857,-0.3142,-1.039724570217721,-0.3668748613713687
2.0857,-0.3142,-1.039724570217721,-0.3668748613713687
2.0857,-0.3142,-1.039724570217721,-0.3668748613713687
2.0857,-0.3142,-1.039724570217721,-0.3668748613713687
2.0857,-0.3142,-1.039724570217721,-0.3668748613713687
2.0857,-0.3142,-1.039724570217721,-0.3668748613713687
2.0857,-0.3142,-1.039724570217721,-0.3668748613713687
2.0857,-0.3142,-1.039724570217721,-0.3668748613713687
2.0857,-0.3142,-1.039724570217721,-0.3668748613713687
2.0857,-0.3142,-1.039724570217721,-0.3668748613713687
2.0857,-0.3142,-1.039724570217721,-0.3668748613713687
2.0857,-0.3142,-1.039724570217721,-0.3668748613713687
2.0857,-0.3142,-1.039724570217721,-0.3668748613713687
2.0857,-0.3142,-1.039724570217721,-0.3668748613713687
2.0857,-0.3142,-1.039724570217721,-0.3668748613713687
2.0857,-0.3142,-1.039724570217721,-0.3668748613713687
2.0857,-0.3142,-1.039724570217721,-0.3668748613713687
2.0857,-0.3142,-1.039724570217721,-0.3668748613713687
2.0857,-0.3142,-1.039724570217721,-0.3668748613713687
2.0857,-0.3142,-1.039724570217721,-0.3668748613713687
2.0857,-0.3142,-1.039724570217721,-0.3668748613713687
2.0857,-0.3142,-1.039724570217721,-0.3668748613713687
2.0857,-0.3142,-1.039724570217721,-0.3668748613713687
2.0857,-0.3142,-1.039724570217721,-0.3668748613713687
2.0857,-0.3142,-1.039724570217721,-0.3668748613713687
2.0857,-0.3142,-1.039724570217721,-0.3668748613713687
2.0857,-0.3142,-1.039724570217721,-0.3668748613713687
2.0857,-0.3142,-1.039724570217721,-0.3668748613713687
2.0857,-0.3142,-1.039724570217721,-0.3668748613713687
2.0857,-0.3142,-1.039724570217721,-0.3668748613713687
2.0857,-0.3142,-1.039724570217721,-0.3668748613713687
2.0857,-0.3142,-1.039724570217721,-0.3668748613713687
2.0857,-0.3142,-1.039724570217721,-0.3668748613713687
2.0857,-0.3142,-1.039724570217721,-0.3668748613713687
