HeadYaw,HeadPitch,LShoulderPitch,LShoulderRoll,LElbowYaw,LElbowRoll,RShoulderPitch,RShoulderRoll,RElbowYaw,RElbowRoll
0.6188960660000141,0.5149,1.794729249676857,0.2234240561625187,-0.8408531521940392,-0.42263369884632646,1.7974714712175466,0.22655257658566375,2.0857,0.0349
0.6228297611138068,0.5149,1.8126018405444873,0.24175329111257882,-0.9888402724092956,-0.5267192785019121,1.7827195087858605,0.21185364405501073,2.0857,0.0349
0.6276846283124996,0.5149,1.8286948099204898,0.25789691241267687,-1.0173888968120766,-0.5543369800342689,1.7799234012462755,0.20902947998862054,2.0857,0.08478306546068444
0.6260718853798695,0.5149,1.8480497975895251,0.27715098198474997,-1.0588901533406307,-0.569954495341691,1.777380495165543,0.2064729675952135,2.0857,0.06572743516503073
0.6312746588827155,0.5149,1.892519966559009,0.3204881064974334,-1.1749169764127845,-0.6322427902481907,1.7982770644954247,0.227344834248274,2.0857,0.06594001070046131
0.6319561889571352,0.5149,1.8870646387372862,0.3151457348946456,-1.1597109935454974,-0.6169150132852737,1.7958534830373982,0.22486281936433228,2.0857,0.06529739248253497
0.6342197001693146,0.5149,1.8735035992407634,0.3017290669803583,-1.1726137184698282,-0.6036748467687425,1.781882630402389,0.21090006248490245,2.0857,0.07307033384858452
0.6383270294506281,0.5149,1.8530939178393329,0.2814611366161146,-1.184349519024062,-0.5853477876675782,1.768347340755942,0.19736218745744294,2.0857,0.059419415921257386
0.6372137440365576,0.5149,1.8526172984137859,0.28098071467719077,-1.1750941683129064,-0.5853020026279057,1.770038249034788,0.19904493794788913,2.0857,0.06228916550320589
0.6346488166319743,0.5149,1.8508276190195692,0.27917257905255943,-1.167338645113932,-0.5880990934433082,1.772069749810954,0.20106436870454525,2.0857,0.07701748974296961
0.6393492669490588,0.5149,1.859339202305879,0.28733236156127884,-1.1648912482860778,-0.6139922819488183,1.8022521776973621,0.2312619658487327,2.0857,0.11655260347897735
0.6322234621829649,0.5149,1.8609899902149467,0.28835377322193767,-1.1763145759518423,-0.6216025664951271,1.8022072972892806,0.2310614540711431,2.0857,0.11876574424819697
0.6285795287050582,0.5149,1.864785808639956,0.2911570974215074,-1.205785930929602,-0.6461290701311563,1.797307870630806,0.22583909620558273,2.0857,0.13990731189744468
0.6268124407866196,0.5149,1.8562880576588037,0.2829129449428003,-1.1984976907835385,-0.6124839793518619,1.7596862097701635,0.18779529039096854,2.0857,0.0797738186214743
0.6263500268253206,0.5149,1.8428217327571466,0.269285420180462,-1.2587876670833387,-0.5711358459629827,1.7387806914298773,0.16667809830855185,2.0857,0.07335928520424544
0.624794334067517,0.5149,1.8399466044552795,0.2653597517552617,-1.246708779215154,-0.6408525217462574,1.7453306076511468,0.17279377251811368,2.0857,0.06730272376376363
0.6114568989762657,0.5149,1.8311647693406297,0.2555769926078262,-1.21589378242756,-0.7094513769474555,1.7485784190370628,0.17577828760787972,2.0857,0.09769854404007863
0.6001179010873876,0.5149,1.8305446977325546,0.25455396237072625,-1.2064333449759816,-0.7071223481973905,1.7477416449528962,0.17456538543951572,2.0857,0.1077618660212756
0.5793879186694181,0.5149,1.839650068857359,0.2632546960081492,-1.2056580691200622,-0.7422297755614505,1.7484575806510627,0.17522219778206338,2.0857,0.19604408114797953
0.5798267201160671,0.5149,1.8490686770444944,0.2706127255346038,-1.2155402185703785,-0.7454038387132308,1.746741167930175,0.17291581873118678,2.0857,0.2158632510632978
0.5717638907053287,0.5149,1.8452853434242407,0.2667462198005073,-1.2033436807531097,-0.7276435508586295,1.7466538317500078,0.17240457843828194,2.0857,0.29412458798993063
0.5644800574707253,0.5149,1.8439675855974325,0.26463074749060267,-1.2070516515440342,-0.7329462834140086,1.7489919187626428,0.17430796449061048,2.0857,0.3256945134929963
0.5544526174375147,0.5149,1.8245847313702643,0.24660264988131786,-1.1747958611457152,-0.6473254534914802,1.7366539991880152,0.16156992683704097,2.0857,0.2997060828801054
0.554827704961669,0.5149,1.8134281124099607,0.23530800374387106,-1.1969490879988962,-0.6211641391322548,1.690746689306131,0.11604706793948782,2.0857,0.31524166581743385
0.5579202114052142,0.5149,1.8241477578814476,0.2440872127708813,-1.1971133621873742,-0.6461517422036651,1.738367028582945,0.16159476323163013,2.0857,0.31744532214196564
0.5737322469621117,0.5149,1.8280692309016702,0.2462403256904946,-1.1792512938536444,-0.6881315286766047,1.8095240947293774,0.23017315984341602,2.0857,0.37925525346974265
0.5706737285133648,0.5149,1.883992630218491,0.29794146824473056,-1.2358390254653133,-0.665758059210658,1.9221319356219762,0.3142,2.0857,0.44377499943004983
0.5342899995197573,0.5149,1.9138505870868172,0.3267502625694241,-1.2886527658111753,-0.538909504505935,1.894379881000785,0.31023767351710574,2.0857,0.2693359891361548
0.5802207219559181,0.5149,1.894858362798935,0.3080126129327472,-1.2307007674553474,-0.5004150375233108,1.917034246661402,0.3142,2.0857,0.29611017671906714
0.583902039455838,0.5149,1.9574438011976343,0.37085533665556913,-1.4021064228553772,-0.4027061614877062,1.8625473507600088,0.27788599529879265,2.0857,0.23570417205008615
0.5840144859304409,0.5149,1.950106164860028,0.3661411374809438,-1.5065069302685026,-0.35866438564032577,1.819398170176532,0.2375825894007897,2.0857,0.25761981646577353
0.6046824474290508,0.5149,1.959244716661641,0.3727878870013237,-1.3492663575190615,-0.37279430601618957,1.85314885723444,0.2689820865707031,2.0857,0.2817137831834366
0.6017551553712119,0.5149,1.9514968283315315,0.3654958149463947,-1.3102693310519107,-0.3811751443357685,1.8498422082813515,0.2662405994643817,2.0857,0.2725491727855333
0.5963793579863418,0.5149,1.9544146619331066,0.3702603317076154,-1.3369517992228053,-0.36226396429760016,1.8290491911511746,0.24668713749098203,2.0857,0.27268474105803253
0.5987117034817561,0.5149,1.9569272651928535,0.3740004233352432,-1.3491068386550014,-0.3710461346600919,1.8146242719348342,0.2327598180486723,2.0857,0.2550053186698009
0.5996175525146124,0.5149,1.9434286780101466,0.36161380259834774,-1.3897463678154143,-0.37084099320256214,1.787307523561235,0.20733385806866234,2.0857,0.2575850713901328
0.6033428815576769,0.5149,1.9453721446015015,0.3649067202990328,-1.400309976783353,-0.383872829936303,1.7434216567387064,0.1655905630942489,2.0857,0.23136610150924755
0.6179203001359181,0.5149,1.959882786733521,0.3801774191286662,-1.3806727800596006,-0.38564681605156254,1.7525829128613999,0.17474793890522955,2.0857,0.2122049049397889
0.6397352295095503,0.5149,1.9727531687155095,0.39439498228756853,-1.2365722147547245,-0.3907827689371507,1.7770251359677216,0.1990888410389311,2.0857,0.1935862518385825
0.6415014328014834,0.5149,1.9826145648048854,0.4056656582831457,-1.1908509123470306,-0.409064438754817,1.8389956272982046,0.2614742222280002,2.0857,0.15510322959502723
0.6131835645973504,0.5149,1.9674985848436952,0.3846766283290166,-1.2172939794491162,-0.6013678812417331,1.8195523885209934,0.2435093864672524,2.0857,0.16798890383969706
0.6111013856019122,0.5149,1.9281229847460246,0.34101516524550335,-1.3714172219834846,-0.7136286406360826,1.8018097289560653,0.2265384599413327,2.0857,0.1621500897898489
0.6208653889572084,0.5149,1.9272708518096584,0.34271265164772746,-1.2851237571212382,-0.7110362889906772,1.843677007513278,0.268011189909493,2.0857,0.21258512945718683
0.6208596228380007,0.5149,1.9145737966920078,0.3301080827428009,-1.3014614669037363,-0.7603146920668835,1.8409835793930938,0.2644854396877041,2.0857,0.2047176177142158
0.6363686341009365,0.5149,1.8939401082794927,0.3103017087952642,-1.2797467943809995,-0.7929371579410475,1.8375099202555967,0.2613144611003271,2.0857,0.19743649288825665
0.6306542145909145,0.5149,1.875929304312532,0.29367374454325734,-1.3083030621128602,-0.8188583150516408,1.8278945295292712,0.2508109792107587,2.0857,0.1450741192241919
0.6505578682080058,0.5149,1.8693665453568102,0.2887687123500031,-1.3622687577218473,-0.8406811472960526,1.7756119091612736,0.19923593178940702,2.0857,0.14944357383802107
0.6549865010137742,0.5149,1.876890138632121,0.2970240100131394,-1.3693975176976276,-0.8260436978094079,1.7603218257177724,0.18425151002511542,2.0857,0.27346508590270907
0.6403950410868959,0.5149,1.8722234597147267,0.2922927241708124,-1.3708604294951585,-0.8216497312768376,1.7635351567811541,0.187528798303354,2.0857,0.2729623015510188
0.6452180326781918,0.5149,1.887611064067183,0.30906285899554575,-1.3533951787389662,-0.7826664831020711,1.76020811114645,0.1847918348624049,2.0857,0.2809355703761241
0.6398424796781147,0.5149,1.92406402893572,0.3444267104344476,-1.2667133427124004,-0.7896788924701645,1.8020218123049174,0.22576656258173,2.0857,0.35892659032792146
0.6314011832345792,0.5149,1.9341462348814447,0.3533945370496445,-1.2671768085572936,-0.7943449228813839,1.8066300957486288,0.22995644371035806,2.0857,0.34228763757367886
0.612141364846257,0.5149,1.9518626389719713,0.37060568499933577,-1.2396163433974654,-0.7575702592751619,1.794112203795325,0.21680546355792263,2.0857,0.2965365032711272
0.6082098757394631,0.5149,1.950917814808888,0.3696639155345147,-1.21412036656593,-0.7371094452544348,1.7954248245528663,0.21773376999739757,2.0857,0.299612341035327
0.6082099374343237,0.5149,1.9507579085469562,0.36875194210790063,-1.2021660468854956,-0.7276529391254991,1.7966521071185633,0.21954988187741198,2.0857,0.2505372298657978
0.609438055500556,0.5149,1.945280927003674,0.3637212220163617,-1.1839507304364183,-0.7163219127439362,1.794656152270631,0.217576088909049,2.0857,0.22073039243013517
0.6107641156814491,0.5149,1.9235950549270642,0.34202005551599535,-1.1658075278365345,-0.691670168290138,1.801195804464693,0.2241759591370458,2.0857,0.2529884727292563
0.6143492298042152,0.5149,1.8938813527241074,0.3127635127594992,-1.1797810677366356,-0.6575094364741649,1.8058163714286368,0.22915500506301867,2.0857,0.24772556280064392
0.6227366522143648,0.5149,1.8679145711669387,0.2904553209814371,-1.0804166407315567,-0.5261696421620651,1.7703148071409718,0.1934438869129682,2.0857,0.16254097596140754
0.633884041017315,0.5149,1.8583684144929182,0.28180968197207035,-1.008086111826838,-0.40369301765363086,1.732129701118179,0.15588115003382352,2.0857,0.1255241065597645
0.634748430489578,0.5149,1.8561074083057358,0.2793852509841337,-0.8239565362140938,-0.28967547887339434,1.7125236745087176,0.1364602098174892,2.0857,0.09699161147355038
0.620132492663515,0.5149,1.8806834731582869,0.3003788789255739,-0.5483575362140938,-0.22659546375365108,1.6866886853912075,0.11067129625180638,2.0857,0.04936909933500227
0.604087533147412,0.5149,1.8964466586496045,0.3080028941538777,-0.5349241429548739,-0.21736685995575614,1.677143897042259,0.10170226476594069,2.0857,0.17454663469141826
0.5989801765102419,0.5149,1.8965773421920455,0.29716320151306297,-0.2593251429548739,-0.10003091668522805,1.6573761006581278,0.08312805470076357,2.0857,0.22802351112089497
0.6410645016700675,0.5149,1.8376553786220338,0.23106937107831693,0.016273857045126072,-0.13703096627943445,1.5591695586817678,-0.011213092925586032,2.0857,0.27760525858192575
0.6349957338191049,0.5149,1.8423437594245164,0.231832915809564,0.29187285704512606,-0.12689688114774939,1.4566324680563631,-0.11078656417804233,2.0857,0.4110513311937833
0.6037968652654384,0.5149,1.8157464083154673,0.20516899796456278,0.567471857045126,-0.1355767533842366,1.355610948338003,-0.20990830152123863,2.0857,0.48206733214619824
0.5500037390358498,0.5149,1.8687251554297948,0.25491838627657404,0.843070857045126,-0.11802019766108326,1.4022310053786464,-0.16387665849312683,2.0857,0.35747188685664644
0.590133210532733,0.5149,1.9004827005802554,0.2903402910926334,1.118669857045126,-0.181224246681378,1.513475995507791,-0.05602632988402023,2.0857,0.3598364729272102
0.5908021727952526,0.5149,1.9240735472186845,0.318649251172336,1.3942688570451258,-0.27504104444838345,1.6580238076712164,0.085386344160163,2.0857,0.32215097466758563
0.619144161554901,0.5149,1.7983864880430511,0.21827492473281884,1.6698678570451257,-0.40351131671731744,1.7085106091458522,0.13492767100483727,2.0857,0.3737985181821803
0.6463600432109392,0.5149,1.5964613663237017,0.025018766577236562,1.9454668570451257,-0.6171863205646788,1.676092614610705,0.10391144490730264,2.0857,0.3560044156805515
0.5927263118443505,0.5149,1.4456164252321,-0.12332041796415827,2.0857,-0.7807789818497626,1.6138706835761911,0.041907723861729584,2.0857,0.5958067490138849
0.7519781696732342,0.5149,1.39485617729403,-0.17502778545021935,2.0857,-0.9295109044923728,1.7727592982569205,0.19957359794185336,2.0857,0.6619062222339979
0.7571675323590413,0.5149,1.3007259536182736,-0.269676127558677,2.0857,-0.9802061160858345,1.6907279784499645,0.11992953924604333,2.0857,0.9017085555673312
0.791997617904305,0.5149,1.3081623456687685,-0.25665076814583854,2.0857,-1.1583040672212848,1.9002327174043514,0.3142,2.0857,1.1415108889006644
0.7631527383769875,0.5149,1.1894944737912403,-0.3142,2.0857,-1.269398271623914,1.9282360151944868,0.3142,2.0857,1.3813132222339979
0.7992129390846276,0.5149,1.113472529466456,-0.3142,2.0857,-1.0295959382905808,1.8588188108893773,0.27344425158691865,2.0857,1.5446
1.0748119390846276,0.5149,1.389071529466456,-0.3142,2.0857,-0.7897936049572475,2.0857,0.3142,2.0857,1.5446
1.3504109390846275,0.5149,1.6646705294664559,-0.3142,2.0857,-0.5499912716239141,2.0857,0.3142,2.0857,1.5446
1.6260099390846274,0.5149,1.9402695294664558,-0.17399047229885833,2.0857,-0.3101889382905808,2.0857,0.2373582595229331,2.0857,1.5446
1.9016089390846274,0.5149,2.0857,-0.00792874476789307,2.0857,-0.07038660495724747,2.0857,0.15510492564531808,2.0857,1.5446
2.0857,0.5149,2.0857,-0.008018602003786235,2.0857,-0.0349,1.9247355841534735,0.3142,2.0857,1.5446
2.0857,0.5149,2.0857,-0.014000641399779523,2.0857,-0.0349,1.8864429545590253,0.31270556292157337,2.0857,1.5446
2.0857,0.5149,2.0857,-0.0020920451299670795,2.0857,-0.0349,1.808595066801638,0.2374222524217957,2.0857,1.5446
2.0857,0.5149,2.0857,-0.07150301274669113,2.0857,-0.0349,1.6444932683099895,0.07357599550476324,2.0857,1.5446
2.0857,0.5149,2.0857,-0.05003287270637724,2.0857,-0.0349,1.5665217650071748,-0.004231484597945645,2.0857,1.5446
2.0857,0.5149,2.0857,-0.06104663809983624,2.0857,-0.0349,1.713156585025193,0.14140111738229066,2.0857,1.5446
2.0857,0.5149,2.0857,-0.06911200784212679,2.0857,-0.0349,1.563825542846446,-0.006849368835879277,2.0857,1.5446
2.0857,0.5149,2.0857,-0.09473231008381311,2.0857,-0.0349,1.5103129102805672,-0.05960805384305701,2.0857,1.5446
2.0857,0.5149,2.0857,-0.09621179314441042,2.0857,-0.0349,1.536087435495715,-0.03396642748910339,2.0857,1.5430306875898754
2.0857,0.5149,2.0857,-0.07665601591288818,2.0857,-0.0349,1.491174292622992,-0.07820999951144447,2.0857,1.5446
2.0857,0.5149,2.0857,-0.11513177959049958,2.0857,-0.0349,1.437372646260728,-0.13097140470229252,2.0857,1.5446
2.0857,0.5149,2.0857,-0.14424046235002597,2.0857,-0.0349,1.4103356531536504,-0.15784391563069122,2.0857,1.5446
2.0857,0.5149,2.0857,-0.2137358772195017,2.0857,-0.0349,1.3141943330186225,-0.25346051529857405,2.0857,1.5446
2.0857,0.5149,2.0857,-0.2943374307393123,2.0857,-0.0349,1.2156384255369754,-0.3504701055148196,2.0857,1.5446
2.0857,0.5149,2.0857,-0.28365394348489636,2.0857,-0.0349,1.2097557094009266,-0.35963482824311255,2.0857,1.5446
2.0857,0.5149,2.0857,-0.2618472439257331,2.0857,-0.0349,1.2133205986131055,-0.3566367835106805,2.0857,1.5446
2.0857,0.5149,2.0857,-0.2166040704607095,2.0857,-0.0349,1.2290189954900805,-0.3413128505890868,2.0857,1.5446
2.0857,0.5149,2.0857,-0.21810666080039565,2.0857,-0.0349,1.3907658531627747,-0.17997936073364373,2.0857,1.5446
2.0857,0.5149,2.0857,-0.16993816271841866,2.0857,-0.0349,1.3509591489223987,-0.21974177824221175,2.0857,1.5446
2.0857,0.5149,2.0857,0.040821048606976884,2.0857,-0.0349,1.3700974361882796,-0.20063341943835988,2.0857,1.5446
2.0857,0.5149,2.0857,0.1500605554633223,2.0857,-0.2733576916219779,1.3539421061542363,-0.2167011268252086,2.0857,1.5446
2.0857,0.5149,2.0857,0.20401105150372745,2.0857,-0.13421394378544516,1.355726961863336,-0.21503602317348158,2.0857,1.5446
2.0857,0.5149,1.8673516927881006,0.27569526340698225,2.0857,-0.1527044682186256,1.3566364261160477,-0.21402055596037495,1.9326344589843676,1.5446
2.0857,0.5149,1.8798051664228181,0.2867767422116243,2.0857,-0.23142839002164983,1.374700495283113,-0.1942931639733334,1.732760835759675,1.5446
2.0857,0.5149,1.9686640516119156,0.37170392603985647,2.0857,-0.2505271152476096,1.3240229693380348,-0.24260417961605407,1.924617046728614,1.5446
2.0857,0.5149,1.9359037880567564,0.33907547762972823,2.0857,-0.22387727450133862,1.2865989452893682,-0.2782587581005993,2.037589096978332,1.5183647340036355
2.0857,0.5149,1.8683312831053063,0.2756089842512748,2.0857,-0.21005392594430505,1.174440660973433,-0.3933414759304761,2.0857,1.4415494440927037
2.0857,0.5149,1.8530994293899246,0.26244735083712767,2.0857,-0.10628674842046508,1.0336325891901048,-0.5351216764598938,2.0857,1.235894837626651
2.0857,0.5149,1.8362952518091726,0.24791911814824763,2.0857,-0.07484156947913793,1.0263164780442775,-0.5441198778256986,2.0857,1.2983340017168816
2.0857,0.5149,1.838377321998382,0.2468848574878426,2.0857,-0.0349,1.0559686288600911,-0.5148223527359777,2.0857,1.3538578523805525
2.0857,0.5149,1.8390520591439263,0.2467774982374893,2.0857,-0.0349,1.0737905431196961,-0.4964609027651947,2.0857,1.4099877232470452
2.0857,0.5149,1.8605920017972328,0.26671192018259227,2.0857,-0.07092035656156075,1.0824416795959857,-0.4857245569976658,2.0857,1.4333753080371543
2.0857,0.5149,1.8731633970988946,0.2752535783529373,2.0857,-0.040645562864139395,1.0698084874240574,-0.49323905333881224,2.0857,1.5335658096873002
2.0857,0.5149,1.8496276581993158,0.25613249421096573,2.0857,-0.10100884724369856,1.0732160639087185,-0.48574945854702456,2.0857,1.5446
2.0857,0.5149,1.8642787653492074,0.2660250932231123,2.0857,-0.12698467028365348,1.0918768442055529,-0.46553038731200447,2.0857,1.5446
2.0857,0.5149,1.8426843210034072,0.24656032903667158,2.0857,-0.1276253247161998,1.0663255846619766,-0.48828100012913733,2.0857,1.5446
2.0857,0.5149,1.8732405192831227,0.2749605903480008,2.0857,-0.1124116057387118,1.0756233541931517,-0.4763517444398355,2.0857,1.5446
2.0857,0.5149,1.854637957707449,0.2581805350145403,2.0857,-0.1203860592903431,1.0647277021713784,-0.4893261555818049,2.0857,1.5446
2.0857,0.5149,1.9134421309660754,0.3147919067728111,2.0857,-0.1044478923592339,1.2153917400062328,-0.3475119221740266,2.0857,1.5446
2.0857,0.5149,1.9501836999891629,0.3489660360623825,2.0857,-0.11940104045712516,1.2929734905134254,-0.2776042378602488,2.0857,1.5446
2.0857,0.5149,1.9211375190461388,0.3213977847672731,2.0857,-0.13642258917322017,1.3477331471785738,-0.22279192613773735,2.0857,1.5446
2.0857,0.5149,1.7867847159349801,0.19729619663433606,2.0857,-0.0349,1.381099573586324,-0.1887989462014441,2.0857,1.5446
2.0857,0.5149,1.579957202477162,0.00816460848956635,2.0857,-0.0349,1.4198478179243943,-0.14936913472691904,2.0857,1.5446
2.0857,0.5149,1.529268327567967,-0.03651784258452073,2.0857,-0.0349,1.4330568767112017,-0.13599054875802685,2.0857,1.5446
2.0857,0.5149,1.5528507113259942,-0.015395480466755096,2.0857,-0.0349,1.4847780528337724,-0.0844463298053153,2.0857,1.5446
2.0857,0.5149,1.5926422448959154,0.018606465877239353,2.0857,-0.0349,1.529219023723277,-0.040796451908329034,2.0857,1.5446
2.0857,0.5149,1.5552207501107511,-0.012822694727351536,2.0857,-0.0349,1.48412721817969,-0.08509065511411174,2.0857,1.5446
2.0857,0.5149,1.474607576140417,-0.07759114413653112,2.0857,-0.0349,1.46470164741485,-0.10458397850190337,2.0857,1.5446
2.0857,0.5149,1.4535414268193783,-0.09445929225821215,2.0857,-0.0349,1.4515710002160538,-0.11814743829181507,2.0857,1.5446
2.0857,0.5149,1.4719239425506403,-0.07954724873521535,2.0857,-0.0349,1.4640974956385522,-0.10598522760002749,2.0857,1.5446
2.0857,0.5149,1.416307600793779,-0.1301646437049433,2.0857,-0.0349,1.4423835300893302,-0.12703382881119563,2.0857,1.5446
2.0857,0.5149,1.4781575083393717,-0.07803283949935125,2.0857,-0.0349,1.4144447123051327,-0.15415632769542986,2.0857,1.5446
2.0857,0.5149,1.5071785741662465,-0.055044186903563386,2.0857,-0.0349,1.4507766027725473,-0.11685212023075175,2.0857,1.5446
2.0857,0.5149,1.4712425634090112,-0.08828931707468857,2.0857,-0.0349,1.4755967338250857,-0.09218996433255855,2.0857,1.5446
2.0857,0.5149,1.4832584265237996,-0.0813114419262746,2.0857,-0.0349,1.488587791684321,-0.07766484638310844,2.0857,1.5446
2.0857,0.5149,1.4746636720803605,-0.09111815595409656,2.0857,-0.0349,1.4843803789422123,-0.08141032785774649,2.0857,1.5446
2.0857,0.5149,1.4754801136496989,-0.08936727756377749,2.0857,-0.0349,1.4571723664869536,-0.1062748319309077,2.0857,1.5446
2.0857,0.5149,1.469974332984024,-0.09440744940953083,2.0857,-0.0349,1.4224207365796941,-0.13746938223221572,2.0857,1.5446
2.0857,0.5149,1.4372596005183473,-0.12668228054397113,2.0857,-0.0349,1.4024755465547862,-0.1552425462910889,2.0857,1.5446
2.0857,0.5149,1.3999779402566601,-0.16497255841831393,2.0857,-0.0349,1.3648923444043402,-0.19040329152497026,2.0857,1.5446
2.0857,0.5149,1.4399268437444632,-0.12935489547443635,2.0857,-0.0349,1.4046622786393954,-0.15085723288557262,2.0857,1.5446
2.0857,0.5149,1.4099349332050282,-0.1595223778503867,2.0857,-0.0349,1.384113843022939,-0.1666006379777547,2.0857,1.5446
2.0857,0.5149,1.5426476321287368,-0.028140608662094557,2.0857,-0.0349,1.370133315847381,-0.17937064770281275,2.0857,1.5446
2.0857,0.5149,1.595034923301248,0.024238517953051097,2.0857,-0.0349,1.4000170383030257,-0.15637795109217456,2.0857,1.5446
2.0857,0.5149,1.5640380995594896,-0.006707935574232549,2.0857,-0.0349,1.3868090544620266,-0.16961508316929463,2.055108433419738,1.5446
2.0857,0.5149,1.539520204171275,-0.031082759922806735,2.0857,-0.0349,1.3717267921158778,-0.18532143409253177,2.0095680168673677,1.5446
2.0857,0.5149,1.5576672744835878,-0.013042912582016175,2.0857,-0.0349,1.4035834706707,-0.15708777876274715,2.0073241967162696,1.5446
2.0857,0.5149,1.703697689461612,0.13290135904602618,2.0857,-0.0349,1.436623210388724,-0.12837952509668682,1.9125703243329655,1.5446
2.0857,0.5149,1.6887378316761898,0.11062754714410872,2.0857,-0.0349,1.4066721872505528,-0.16077932435247777,2.0857,1.5446
2.0857,0.5149,1.5958333245662317,0.01914609311465476,2.0857,-0.0349,1.3659682759142655,-0.20271654233027792,2.0857,1.5446
2.0857,0.5149,1.569088056896606,-0.0011150097769938583,2.0857,-0.0349,1.3860695730257842,-0.18424349596901068,2.0857,1.5446
2.0857,0.5149,1.3701490302650015,-0.12811263807902917,2.0857,-0.0349,1.3864536366731695,-0.1843348264467406,2.0857,1.5446
2.0857,0.5149,1.4096947701141138,-0.10473738644318753,2.0857,-0.0349,1.4106017615399893,-0.16017694482018463,2.0857,1.5446
2.0857,0.5149,1.5025707044876742,-0.044768380620352266,2.0857,-0.0349,1.4381184581289028,-0.13264496796045577,2.0857,1.5446
2.0857,0.5149,1.4520426486181677,-0.07944237217953609,2.0857,-0.0349,1.4159017533300429,-0.1547941668142898,2.0857,1.5446
2.0857,0.5149,1.4221870663578953,-0.10107743943412939,2.0857,-0.0349,1.3897929022129467,-0.1809205570131962,2.0857,1.5446
2.0857,0.5149,1.410703207727145,-0.10989625180653406,2.0857,-0.0349,1.3241724433172526,-0.2464745513752855,2.0857,1.5446
2.0857,0.5149,1.40381982060474,-0.11731515835384698,2.0857,-0.0349,1.3278684902470854,-0.24270088132132073,2.0857,1.5446
2.0857,0.5149,1.3425536362462445,-0.16266547643236962,2.0857,-0.0349,1.324790915691754,-0.24568445588138932,2.0857,1.5446
2.0857,0.5149,1.336912017700504,-0.16827592579560768,2.0857,-0.0349,1.3234990452022655,-0.24678039132829355,2.0857,1.5446
2.0857,0.5149,1.3316051929445443,-0.16794407877475237,2.0857,-0.0349,1.3621100198453122,-0.20774044979350648,2.0857,1.5446
2.0857,0.5149,1.3351145050916193,-0.15782587781724633,2.0857,-0.0349,1.353914820339054,-0.21446007683124013,2.0857,1.5446
2.0857,0.5149,1.3404199853710153,-0.14661976492588602,2.0857,-0.0349,1.348412741293107,-0.21861093079117788,2.0857,1.5446
2.0857,0.5149,1.3261365196233137,-0.14722835059255113,2.0857,-0.0349,1.3276896953699662,-0.23765704217951056,2.0857,1.4881198362159356
2.0857,0.5149,1.281751193099191,-0.16515942809840034,2.0857,-0.0349,1.233604600394589,-0.32498650196461076,2.0857,1.3172320712719205
2.0857,0.5149,1.2208362181983297,-0.1990193157887894,2.0857,-0.0349,1.1693856774011402,-0.38292387178892784,2.0857,1.2485743670543106
2.0857,0.5149,1.1849306766974663,-0.21067157128539438,2.0857,-0.0349,1.146129456737362,-0.40093758576182537,2.0857,1.2215658447943023
2.0857,0.5149,1.0923821132391147,-0.24847608651495356,2.0857,-0.0349,1.1259184759600942,-0.42072389255658726,2.0857,1.2109834327705704
2.0857,0.5149,1.0269255817064196,-0.27089508976154253,2.0857,-0.0349,1.095619634465622,-0.4498252242456411,2.0857,1.2309685319509038
2.0857,0.5149,0.9474620244632372,-0.299911696803862,2.0857,-0.0349,1.0457906426595571,-0.502652370345497,2.0857,1.2711999382777521
2.0857,0.5149,0.970963681102971,-0.2697430095502491,2.0857,-0.0349,1.0649465424887596,-0.48926222600331126,2.0857,1.3578399465947246
2.0857,0.5149,0.9703606910345548,-0.27726924940254793,2.0857,-0.0349,1.0851677904388142,-0.4730272478293607,2.0857,1.457680805884539
2.0857,0.5149,1.0742709765389802,-0.21426015168706192,2.0857,-0.0349,1.0822299780705076,-0.4810582459572661,2.0857,1.5446
2.0857,0.5149,1.1438332401222542,-0.20105761847556836,2.0857,-0.0349,1.1311161709675,-0.43482579587553216,2.0857,1.5446
2.0857,0.5149,1.2631422374662635,-0.15387288548284528,2.0857,-0.0349,1.1903489837012886,-0.3766332943450952,2.0857,1.5446
2.0857,0.5149,1.321860157646065,-0.13299967760158804,2.0857,-0.0349,1.2232294255625527,-0.3443017834620685,2.0857,1.5446
2.0857,0.5149,1.3520378526406498,-0.12950518827753021,2.0857,-0.0349,1.207809211970034,-0.360307136753504,2.0857,1.5446
2.0857,0.5149,1.4174602003381194,-0.09958229012976316,2.0857,-0.0349,1.247964102207552,-0.3213169303267245,2.0857,1.5446
2.0857,0.5149,1.444524254135229,-0.09072923309988146,2.0857,-0.0349,1.3031409938942289,-0.2666099874525871,2.0857,1.5446
2.0857,0.5149,1.447041719236539,-0.09333240510742646,2.0857,-0.0349,1.3313061303144782,-0.23891043451035454,2.0857,1.5446
2.0857,0.5149,1.5416783631632518,-0.0224825985616508,2.0857,-0.0349,1.4415494602745138,-0.1291675835462076,2.0857,1.5446
2.0857,0.5149,1.5703956647863564,-0.00032313680938278466,2.0857,-0.0349,1.4805018529455198,-0.09028651751644912,2.0857,1.5446
2.0857,0.5149,1.5888289172680146,0.014805627764760354,2.0857,-0.0349,1.4612791218595689,-0.10940727418286755,2.0857,1.5446
2.0857,0.5149,1.6005364141071654,0.024546351750040385,2.0857,-0.0349,1.4499607501732688,-0.12047928167544564,2.0857,1.5446
2.0857,0.5149,1.6052758684278248,0.028629097566978068,2.0857,-0.0349,1.4789304960683858,-0.09152832810409617,2.0857,1.5446
2.0857,0.5149,1.6195861677836865,0.040401294908783525,2.0857,-0.0349,1.4873161314514265,-0.08295619427632772,2.0857,1.5446
2.0857,0.5149,1.5965033097308767,0.02144543470010274,2.0857,-0.0349,1.5117212197254908,-0.058492610634149456,2.0857,1.5446
2.0857,0.5149,1.5815522133347721,0.009204351188313975,2.0857,-0.0349,1.5064844896254244,-0.06378583679482874,2.0857,1.5446
2.0857,0.5149,1.561567682887979,-0.007892260954655894,2.0857,-0.0349,1.524495104604042,-0.04591415016199285,2.0857,1.5446
2.0857,0.5149,1.565057538919352,-0.004840676306776093,2.0857,-0.0349,1.5450675586325842,-0.025516475095400892,2.0857,1.5446
2.0857,0.5149,1.5796601346015797,0.00746340395769618,2.0857,-0.0349,1.5450194343758943,-0.025562909002491807,2.0857,1.5446
2.0857,0.5149,1.6334306714684277,0.053726907085562825,2.0857,-0.0349,1.534160929143302,-0.03641959578501108,2.0857,1.5372422904731275
2.0857,0.5149,1.7063382607863264,0.11830875233218219,2.0857,-0.0349,1.523302840861437,-0.047348689397764154,2.0857,1.4455205607908896
2.0857,0.5149,1.725195548114031,0.13545414230782948,2.0857,-0.0349,1.5230828105305467,-0.047667526181600195,2.0857,1.3388257305506783
2.0857,0.5149,1.7070267134272719,0.11908942261425493,2.0857,-0.0349,1.5127034751350703,-0.05805368174570491,2.0857,1.1808943873564604
2.0857,0.5149,1.6818610020923808,0.09820163131555026,2.0857,-0.0349,1.4798385527194649,-0.0908184980579001,2.0857,1.4206967206897936
2.0857,0.5149,1.6766751029685736,0.09613981673087268,2.0857,-0.0349,1.411629181127699,-0.15872915514719987,2.0857,1.5446
2.0857,0.5149,1.656501598075705,0.08035784613711261,2.0857,-0.0349,1.4159717087689643,-0.15385785033452404,2.0857,1.5446
2.0857,0.5149,1.6578028235340008,0.08238902844387641,2.0857,-0.0349,1.3959524190101815,-0.1735502373237836,2.0857,1.5446
2.0857,0.5149,1.7251438278096556,0.1465787361039248,2.0857,-0.0349,1.4077170992818377,-0.16166887954916564,2.0857,1.5446
2.0857,0.5149,1.736975710583754,0.1578319998978046,2.0857,-0.0349,1.3599480523375418,-0.20792661181276784,2.0857,1.5446
2.0857,0.5149,1.736975710583754,0.1578319998978046,2.0857,-0.0349,1.3599480523375418,-0.20792661181276784,2.0857,1.5446
2.0857,0.5149,1.6993151937911644,0.12592248321078414,2.0857,-0.0349,1.3494309899509531,-0.2196651795921274,2.0857,1.5446
2.0857,0.5149,1.7465000062546936,0.17380792717421922,2.0857,-0.0349,1.4773412099727936,-0.09319921043356905,2.0857,1.5446
2.0857,0.5149,1.7705808353426689,0.1988638732457022,2.0857,-0.0349,1.5071552182161303,-0.06348823910720403,2.0857,1.5446
2.0857,0.5149,1.7723218357811512,0.2006111058176061,2.0857,-0.0349,1.5212880356130338,-0.04922048008961166,2.0857,1.5446
2.0857,0.5149,1.774753100027426,0.20307510337393708,2.0857,-0.0349,1.5485048870468232,-0.022057329096649037,2.0857,1.5446
2.0857,0.5149,1.7897315732151236,0.21809675198268486,2.0857,-0.0349,1.5874273297387838,0.016478240165044733,2.0857,1.5446
2.0857,0.5149,1.808429605741276,0.23539064353511097,2.0857,-0.0349,1.5910476474904323,0.02002825322258306,2.0857,1.5446
2.0857,0.5149,1.838504414889045,0.2626273280337843,2.0857,-0.0349,1.5202980025812187,-0.049679218019650584,2.0857,1.5446
2.0857,0.5149,1.696531463160042,0.1212549782394663,2.0857,-0.0349,1.375336193401823,-0.1939462088674837,2.0857,1.5446
2.0857,0.5149,1.6528378810206144,0.07874701603071799,2.0857,-0.0349,1.3914617851256723,-0.17868563467528142,2.0857,1.5446
2.0857,0.5149,1.5839680673073537,0.01267733294650264,2.0857,-0.0349,1.256382839381171,-0.3093978589048254,2.0857,1.5446
2.0857,0.5149,1.6528929706168112,0.07985818597256489,2.0857,-0.0349,1.3252788728845564,-0.239236997144054,2.0857,1.5446
2.0857,0.5149,1.5844722130946876,0.01331952206103093,2.0857,-0.0349,1.1797306705552544,-0.37814887365101524,2.0857,1.5446
2.0857,0.5149,1.5892213709421683,0.01788563214392669,2.0857,-0.0349,1.141004902118458,-0.41373768428890645,2.0857,1.5446
2.0857,0.5149,1.57457104456989,0.003658555961387089,2.0857,-0.0349,1.142041003419325,-0.41554018248053914,2.0857,1.5446
2.0857,0.5149,1.552935885251143,-0.017346484146632868,2.0857,-0.0349,1.1634685066316253,-0.3964166087687575,2.0857,1.5446
2.0857,0.5149,1.5444183013698978,-0.025633983014537565,2.0857,-0.0349,1.1428142735500066,-0.4170126862705692,2.0857,1.5446
2.0857,0.5149,1.4595519014338512,-0.10806356746500567,2.0857,-0.0349,1.0781547910520035,-0.4793543540652787,2.0857,1.5446
2.0857,0.5149,1.4919097116368685,-0.07737096327076909,2.0857,-0.0349,1.0852378396848326,-0.4757192379139452,2.0857,1.5446
2.0857,0.5149,1.4394148599967878,-0.12904722662292079,2.0857,-0.0349,1.1607552004125916,-0.40770366729371044,2.0857,1.5446
2.0857,0.5149,1.4187082708371581,-0.1496693699006555,2.0857,-0.0349,1.1907758039856275,-0.37828922542694343,2.0857,1.4560417448986924
2.0857,0.5149,1.4702681981984382,-0.09914812847484189,2.0857,-0.0349,1.2393759774940347,-0.33024908661373664,2.0857,1.5446
2.0857,0.5149,1.4889574220413129,-0.08084356634222867,2.0857,-0.0349,1.2377782942248015,-0.3324945465616682,2.0857,1.5446
2.0857,0.5149,1.4263796805182232,-0.14320020268088007,2.0857,-0.0349,1.2097884783408654,-0.3605716091984663,2.0857,1.5446
2.0857,0.5149,1.4235710792238516,-0.14630488215518422,2.0857,-0.0349,1.1980479200411895,-0.37230605311801646,2.0857,1.5041722547104885
2.0857,0.5149,1.3980416037114913,-0.17150410691935436,2.0857,-0.0349,1.115790961803851,-0.45396593932575025,2.0857,1.3388319128366237
2.0857,0.5149,1.4617444113102116,-0.10812942364172584,2.0857,-0.0349,1.1113813446006697,-0.4573132926116146,2.0857,1.277746824528357
2.0857,0.5149,1.394377828025915,-0.17375344027298256,2.0857,-0.21654277391210497,1.0582569646908295,-0.5101010799808832,2.0857,1.1769023467582036
2.0857,0.5149,1.2684115036082608,-0.295994196442543,2.0857,-0.22397000015762958,0.9805755117067372,-0.5821757161404364,2.0857,1.0397857505417538
2.0857,0.5149,1.2681083687650954,-0.29626406421121065,2.0857,-0.30838877459579594,0.9399006874372725,-0.6184799273770678,2.0857,1.0178253221261033
2.0857,0.5149,1.3087424255748454,-0.2558495845722999,2.0857,-0.451064778926893,1.01897140095798,-0.5389944621038412,2.0857,1.0165043024895393
2.0857,0.5149,1.3277039036103078,-0.23664555713004143,2.0857,-0.5766971049818057,1.0517595791136356,-0.49904323977458187,2.0857,1.052446855778873
2.0857,0.5149,1.2897406702340828,-0.2730022211148522,2.0857,-0.6593411725378573,1.0331936074210053,-0.5142414293294546,2.0857,1.1488962199609647
2.0857,0.5149,1.4284017588598164,-0.13887643092462731,2.0857,-0.41953883920452395,1.0830312459663693,-0.4688432123814472,2.0857,1.367059746388077
2.0857,0.5149,1.4630730522094761,-0.1051752121875762,2.0857,-0.1797365058711906,1.1505676604201482,-0.4078801960152916,2.0857,1.5446
2.0857,0.5149,1.6227819640362982,0.050569603552803155,2.0857,-0.0349,1.322063056016039,-0.24469391194099144,2.0857,1.5446
2.0857,0.5149,1.7119145813545338,0.13786095364110285,2.0857,-0.0349,1.3402149998976869,-0.22738923528188537,2.0857,1.5446
2.0857,0.5149,1.677875584008276,0.10421898195553014,2.0857,-0.0349,1.3372823518082546,-0.23047786221992395,2.0857,1.5446
2.0857,0.5149,1.6927285136132089,0.11871165544664652,2.0857,-0.0349,1.3782931295625271,-0.19013462955836324,2.0857,1.5446
2.0857,0.5149,1.7104488449870665,0.13578112791004737,2.0857,-0.0349,1.3918634150089437,-0.17656030228199238,2.0857,1.5446
2.0857,0.5149,1.7093043291394718,0.13433966436826394,2.0857,-0.0349,1.372677106675078,-0.19497008331606924,2.0857,1.5446
2.0857,0.5149,1.6321607367437583,0.059039276951533326,2.0857,-0.0349,1.3053414657424016,-0.26026286015911904,2.0857,1.5446
2.0857,0.5149,1.641502450498583,0.06784316836580095,2.0857,-0.0349,1.307213623378611,-0.25760474606952455,2.0857,1.5446
2.0857,0.5149,1.6532284530392733,0.07908474518858744,2.0857,-0.0349,1.3141307006506064,-0.24952443863323692,2.0857,1.5446
2.0857,0.5149,1.6296626994142482,0.055985253864081486,2.0857,-0.0349,1.3445322381223217,-0.22052032741189986,2.0857,1.5446
2.0857,0.5149,1.6100493849037343,0.03705456002397178,2.0857,-0.0349,1.3355860375764854,-0.2298624825324902,2.0857,1.5446
2.0857,0.5149,1.5939708781813398,0.02184010990554386,2.0857,-0.0349,1.332901941976036,-0.23229855911013253,2.0857,1.5446
2.0857,0.5149,1.5753689087177016,0.004332263681602333,2.0857,-0.0349,1.3369175302939316,-0.22854500361966967,2.0857,1.5446
2.0857,0.5149,1.5798336052143271,0.008656811176599222,2.0857,-0.0349,1.3325657807058324,-0.23271533635118513,2.0857,1.5446
2.0857,0.5149,1.5511254520610949,-0.018764239649614822,2.0857,-0.0349,1.306657319878258,-0.257151784049112,2.0857,1.5446
2.0857,0.5149,1.603437928899154,0.03098444581354931,2.0857,-0.0349,1.354486154236281,-0.2095986510715444,2.0857,1.5446
2.0857,0.5149,1.5975712265709348,0.025237999557293334,2.0857,-0.0349,1.369230086308311,-0.19394519647105368,2.0857,1.5446
2.0857,0.5149,1.5677450778017306,-0.0028627346375225127,2.0857,-0.0349,1.3718157871608907,-0.19173263431150933,2.0857,1.5446
2.0857,0.5149,1.6144044974791172,0.04085822703370745,2.0857,-0.0349,1.3953501766226675,-0.1703628199550502,2.0857,1.5446
2.0857,0.5149,1.690345545784132,0.11161139586030044,2.0857,-0.0349,1.448649938420979,-0.11931658683561941,2.0857,1.5446
2.0857,0.5149,1.6991907625319431,0.11938156467260308,2.0857,-0.0349,1.4372438151883655,-0.13196806117857074,2.0857,1.5446
2.0857,0.5149,1.6991907625319431,0.11938156467260308,2.0857,-0.0349,1.4372438151883655,-0.13196806117857074,2.0857,1.5446
2.0857,0.5149,1.5492957856747531,-0.020074944585978693,2.0857,-0.0349,1.357829669124222,-0.21295824986127254,1.8739636031074087,1.5446
2.0857,0.5149,1.5021577390166476,-0.06519102722691605,2.0857,-0.0349,1.3056943031831743,-0.26504366749504826,1.7754216222719834,1.5446
2.0857,0.5149,1.504273450973165,-0.06364467141624286,2.0857,-0.0349,1.2555057050601268,-0.3145149039199624,1.7363427423127131,1.5446
2.0857,0.5149,1.511959742270432,-0.05633905973486897,2.0857,-0.20665580074222245,1.2612797707911678,-0.3054963480238233,2.0119417423127133,1.5446
2.0857,0.5149,1.5139253848879117,-0.054621863866594955,2.0857,-0.1122020286648917,1.2546936370860777,-0.31143445212640564,2.0857,1.5446
2.0857,0.5149,1.5269380605466871,-0.04215795108765752,2.0857,-0.10430881769606848,1.2520128013410219,-0.31462385838634943,2.085510743128495,1.5446
2.0857,0.5149,1.52484364499119,-0.04387277794536737,2.0857,-0.18385979955195256,1.2729191006072067,-0.2944877235635637,2.0857,1.5446
2.0857,0.5149,1.5201340697537744,-0.047951127841135976,2.0857,-0.276447471842569,1.3686940237199179,-0.20072609730431434,2.0857,1.5446
2.0857,0.5149,1.521357092841749,-0.04680791120222594,2.0857,-0.32215194604991065,1.5415410736389956,-0.029213097241933772,2.0857,1.5446
2.0857,0.5149,1.2698278658821545,-0.2768130030098592,2.0857,-0.08234961271657731,1.5721683438550431,0.0013697397928016386,2.0857,1.5446
2.0857,0.5149,1.2210186553458613,-0.3052823931412705,2.0857,-0.0349,1.6773021447835732,0.10577055330392304,2.0857,1.5446
2.0857,0.5149,1.4966176553458612,-0.3142,2.0857,-0.0349,1.6128489896949048,0.04130399131233631,2.0857,1.5446
2.0857,0.5149,1.7722166553458611,-0.3142,2.0857,-0.0349,1.579461625636871,0.008521260025141197,2.0857,1.5446
2.0857,0.5149,2.047815655345861,-0.3142,2.0857,-0.0349,1.5665328742790838,-0.004207523366316357,2.0857,1.5446
2.0857,0.5149,2.0857,-0.3142,2.0857,-0.0349,1.6160370538894904,0.04488587800448718,2.0857,1.5446
2.0857,0.5149,2.0857,-0.3142,2.0857,-0.0349,1.67031019437934,0.09934776175143778,2.0857,1.5446
2.0857,0.5149,2.0857,-0.3142,2.0857,-0.0349,1.6344866607502258,0.06349675922800624,2.0857,1.5446
2.0857,0.5149,2.0857,-0.3142,2.0857,-0.0349,1.6248556946039872,0.053912943089400756,2.0857,1.5446
2.0857,0.5149,2.0857,-0.3142,2.0857,-0.0349,1.5071415295734576,-0.06338078613337195,2.0857,1.5446
2.0857,0.5149,2.0857,-0.3142,2.0857,-0.0349,1.4469336290321404,-0.12333623358939927,2.0857,1.5446
2.0857,0.5149,2.0857,-0.3142,2.0857,-0.0349,1.4502621694656437,-0.11981276524972606,2.0857,1.5446
2.0857,0.5149,2.0857,-0.3142,2.0857,-0.0349,1.4528157837290319,-0.11727022565481815,2.0857,1.5446
2.0857,0.5149,2.0857,-0.3142,2.0857,-0.0349,1.4499081458022822,-0.1199035287328376,2.0857,1.5446
2.0857,0.5149,2.0857,-0.3142,2.0857,-0.0349,1.4532662855799032,-0.11674287989705201,2.0857,1.5446
2.0857,0.5149,2.0857,-0.3142,2.0857,-0.0349,1.472336771183827,-0.0977869209611486,2.0857,1.5446
2.0857,0.5149,2.0857,-0.3142,2.0857,-0.0349,1.4493696582940252,-0.12076403628451815,2.0857,1.5446
2.0857,0.5149,2.0857,-0.3142,2.0857,-0.0349,1.4266186297005599,-0.14276912840822997,2.0857,1.5446
2.0857,0.5149,2.0857,-0.3142,2.0857,-0.0349,1.4480192648473782,-0.120648072307878,2.0857,1.5446
2.0857,0.5149,2.0857,-0.3142,2.0857,-0.0349,1.469234610672463,-0.10107342065953606,2.0857,1.5446
2.0857,0.5149,2.0857,-0.1611453008999466,2.0857,-0.0349,1.4073622051564745,-0.16236424501940294,2.0857,1.5446
2.0857,0.5149,2.0857,-0.16174853285256563,2.0857,-0.0349,1.302963482454463,-0.26499572262592697,2.0857,1.5446
2.0857,0.5149,2.0857,-0.14354156662503015,2.0857,-0.0349,1.2374803399935972,-0.329855699444787,2.0857,1.5446
2.0857,0.5149,2.0857,-0.06261764710643658,2.0857,-0.0349,1.2908781566961975,-0.27707317048187297,2.0857,1.5446
2.0857,0.5149,2.0857,-0.0469521800763395,2.0857,-0.0349,1.3012776420619747,-0.26720925846726074,2.0857,1.5446
2.0857,0.5149,2.0857,-0.07699012448674458,2.0857,-0.0349,1.328934900339228,-0.23983187124809002,2.0857,1.5446
2.0857,0.5149,2.0857,-0.08914318995656867,2.0857,-0.0349,1.2213211515171303,-0.34522670232355623,2.0857,1.5446
2.0857,0.5149,2.0857,-0.10106244404362008,2.0857,-0.0349,1.1992465841119386,-0.36536991839564026,2.0857,1.5446
2.0857,0.5149,2.0857,-0.18703299276421426,2.0857,-0.0349,1.1590402060692193,-0.4027198218787882,2.0857,1.5446
2.0857,0.5149,2.0857,-0.2969184937003917,2.0857,-0.0349,1.190621367411944,-0.3718618838059893,2.0857,1.5446
2.0857,0.5149,2.0857,-0.2883015704766103,2.0857,-0.0349,1.2460393911361813,-0.31951060722455726,2.0857,1.5446
2.0857,0.5149,2.0857,-0.2930275201569006,2.0857,-0.0349,1.2179713684935063,-0.3503659790001947,2.0857,1.5446
2.0857,0.5149,2.0857,-0.3142,2.0857,-0.0349,1.0649076462334792,-0.5053019592965584,2.0857,1.5446
2.0857,0.5149,2.0857,-0.3142,2.0857,-0.0349,0.9173534346601098,-0.5740427385911793,2.0857,1.5446
2.0857,0.5149,2.0857,-0.3142,2.0857,-0.0349,1.1929524346601097,-0.33424040525784593,2.0857,1.5446
2.0857,0.5149,2.0857,-0.3142,2.0857,-0.0349,1.4685514346601096,-0.09443807192451259,2.0857,1.5068571823643164
2.0857,0.5149,2.0857,-0.3142,2.0857,-0.0349,1.7441504346601095,0.14536426140882075,2.0857,1.3409388836390783
2.0857,0.5149,2.0857,-0.3142,2.0857,-0.0349,2.0197494346601097,0.3142,2.0857,1.2490644809411247
2.0857,0.5149,2.0857,-0.3142,2.0857,-0.0349,2.0857,0.3142,2.0857,1.4888668142744579
2.0857,0.5149,2.0857,-0.3142,2.0857,-0.0349,2.0857,0.3142,2.0857,1.5446
2.0857,0.5149,2.0857,-0.3142,2.0857,-0.0349,2.0857,0.3142,2.0857,1.5446
2.0857,0.5149,2.0857,-0.3142,2.0857,-0.0349,2.0857,0.3142,2.0857,1.5446
2.0857,0.5149,2.0857,-0.3142,2.0857,-0.0349,2.0857,0.3142,2.0857,1.5446
2.0857,0.5149,2.0857,-0.3142,2.0857,-0.0349,2.0857,0.3142,2.0857,1.5446
2.0857,0.5149,2.0857,-0.3142,2.0857,-0.0349,2.0857,0.3142,2.0857,1.5446
2.0857,0.5149,2.0857,-0.3142,2.0857,-0.0349,2.0857,0.3142,2.0857,1.5446
2.0857,0.5149,2.0857,-0.3142,2.0857,-0.0349,2.0857,0.3142,2.0857,1.5446
2.0857,0.5149,2.0857,-0.3142,2.0857,-0.0349,2.0857,0.3142,2.0857,1.5446
2.0857,0.5149,2.0857,-0.3142,2.0857,-0.0349,2.0857,0.3142,2.0857,1.5446
2.0857,0.5149,2.0857,-0.3142,2.0857,-0.0349,2.0857,0.3142,2.0857,1.5446
2.0857,0.5149,2.0857,-0.3142,2.0857,-0.0349,2.0857,0.3142,2.0857,1.5446
2.0857,0.5149,2.0857,-0.3142,2.0857,-0.0349,2.0857,0.3142,2.0857,1.5446
2.0857,0.5149,2.0857,-0.3142,2.0857,-0.0349,2.0857,0.3142,2.0857,1.5446
2.0857,0.5149,2.0857,-0.21041839359205317,2.0857,-0.0349,2.0857,0.3142,1.8974463884540729,1.4151689804874874
2.0857,0.5149,2.0857,0.029383939741280174,2.0857,-0.0349,2.0857,0.3142,2.0857,1.5446
2.0857,0.5149,2.0857,0.16573714224332248,2.0857,-0.19090385413215094,2.0857,0.3142,2.0857,1.5446
2.0857,0.5149,1.9097533827388866,0.2786637934874896,2.0857,-0.1439064891298069,2.0857,0.3142,2.0857,1.5446
2.0857,0.5149,1.8482616196230546,0.23811711110699885,2.0857,-0.10648339763827729,2.0857,0.3142,2.0857,1.5446
2.0857,0.5149,1.744529688964093,0.15295692913760384,2.0857,-0.07458860990971905,2.0857,0.11179938652122212,2.0857,1.5446
2.0857,0.5149,1.7202926365131344,0.13256804313770298,2.0857,-0.07154784712209779,2.0857,-0.10213023156695522,2.0857,1.5446
2.0857,0.5149,1.6812879311537612,0.09897120127302972,2.0857,-0.09016668651163444,2.0857,-0.1528166774535633,2.0857,1.5446
2.0857,0.5149,1.660673121301058,0.07997217096972298,2.0857,-0.13181730118200896,2.0857,-0.16060690704500447,2.0857,1.5446
2.0857,0.5149,1.6048084419183608,0.029665892929656934,2.0857,-0.21539520513843124,2.0857,-0.16564127343352708,2.0857,1.5446
2.0857,0.5149,1.5106333265950183,-0.05244354170775356,2.0857,-0.4121312451197649,2.0857,-0.14906786809502415,2.0857,1.5446
2.0857,0.5149,1.3227479615945212,-0.21468113644779407,2.0857,-0.17232891178643156,2.0857,-0.21706440634245938,2.0857,1.5446
2.0857,0.5149,1.1809831038235923,-0.3142,2.0857,-0.0349,2.0857,-0.19210758490477176,2.0857,1.5446
2.0857,0.5149,1.093789181108798,-0.3142,2.0857,-0.0349,2.0857,0.006475755864704613,2.0857,1.5446
2.0857,0.5149,1.1260923958419495,-0.3142,2.0857,-0.0349,2.0857,0.0871833321158868,2.0857,1.5446
2.0857,0.5149,1.2077214261847904,-0.3039624540373691,2.0857,-0.0349,2.0857,0.1067313154930416,2.0857,1.5446
2.0857,0.5149,1.2238516970603452,-0.3086448970807336,2.0857,-0.0349,2.0857,0.04869367065684593,2.0857,1.5413337060943952
2.0857,0.5149,1.2540494616613578,-0.30625520737920486,2.0857,-0.0349,2.0857,0.19867228745839882,2.0857,1.4027065489513717
2.0857,0.5149,1.2272354273488808,-0.3142,2.0857,-0.0349,2.0857,0.07046204046480264,2.0857,1.5446
2.0857,0.5149,1.1871646979146244,-0.3142,2.0857,-0.0349,2.0857,-0.036534625616982064,2.0857,1.5446
2.0857,0.5149,1.1519069472489676,-0.3142,2.0857,-0.0349,2.0857,-0.06932578714394166,2.0857,1.5446
2.0857,0.5149,1.164674105105943,-0.3142,2.0857,-0.0349,2.0857,-0.05181257266627037,2.0857,1.5446
2.0857,0.5149,1.1648508543302147,-0.3142,2.0857,-0.0349,2.0857,-0.13143949082598838,2.0857,1.5446
2.0857,0.5149,1.1869118199707345,-0.3142,2.0857,-0.0349,2.0857,-0.12382296498780065,2.0857,1.5446
2.0857,0.5149,1.2274856876524942,-0.3142,2.0857,-0.0349,2.0857,-0.09334734222503949,2.0857,1.5446
2.0857,0.5149,1.3160209440307447,-0.2502012172411663,2.0857,-0.0349,2.0857,-0.06943788751281343,2.0857,1.5446
2.0857,0.5149,1.353255779681991,-0.21111352602720657,2.0857,-0.0349,2.0857,-0.01990974979288218,2.0857,1.5446
2.0857,0.5149,1.2951677608112167,-0.25339750228312496,2.0857,-0.0349,2.0857,-0.013175953619334102,2.0857,1.5446
2.0857,0.5149,1.3988181246502185,-0.152948811028778,2.0857,-0.0349,2.0857,0.017876030673988907,2.0857,1.5446
2.0857,0.5149,1.461690351233991,-0.09424349003451127,2.0857,-0.0349,2.0857,0.002860019673814662,2.0857,1.5446
2.0857,0.5149,1.6182911335497796,0.03826222934206158,2.0857,-0.2675370457626619,2.0857,-0.0391639957238612,2.0857,1.5446
2.0857,0.5149,1.7169399508211554,0.11949011536269016,2.0857,-0.2214639638180776,2.0857,0.021622629304576924,2.0857,1.5446
2.0857,0.5149,1.7588250267973453,0.15703781170404763,2.0857,-0.20492944328409796,2.0857,0.02554925817510978,2.0857,1.5446
2.0857,0.5149,1.7810333124999933,0.17212839054509588,2.0857,-0.22254380932626275,2.0857,0.07249782225187573,2.0857,1.5446
2.0857,0.5149,1.829754290024338,0.20560965808013232,2.0857,-0.2346320186640739,2.0857,0.20099931288494655,2.0857,1.5446
2.0857,0.5149,1.8994944365324005,0.2587567655643255,2.0857,-0.26661960901219467,1.888849129586521,0.3093870094877098,2.0857,1.5446
2.0857,0.5149,1.9509451587681272,0.3032759555414284,2.0857,-0.241534920119948,1.8676616334758471,0.2908682087454466,2.0857,1.5446
2.0857,0.5149,1.9793855116046808,0.32570531279060866,2.0857,-0.24395443814308815,1.8495261556050264,0.2723377981502628,2.0857,1.5446
2.0857,0.5149,1.978746071708335,0.33332352095950624,2.0857,-0.21744319286436373,1.7060794738747238,0.12986237902407294,2.0857,1.5446
2.0857,0.5149,1.8814796879180162,0.25926277173648615,2.0857,-0.24254280790132662,1.6099511691787245,0.03780094367980258,2.0857,1.5446
2.0857,0.5149,1.8419092303095608,0.23941729640228493,2.0857,-0.18113046328141824,1.4909230771664457,-0.07811071205191178,2.0857,1.5446
2.0857,0.5149,1.8099535973697476,0.21806183086803443,2.0857,-0.21043845884360052,1.4329478971317813,-0.13474482369959784,2.0857,1.5446
2.0857,0.5149,1.785300564901508,0.19811749834861136,2.0857,-0.267628394139765,1.45089445917392,-0.11804022904734124,2.0857,1.5446
2.0857,0.5149,1.807060742001974,0.2202081465498773,2.0857,-0.3416522280378169,1.4684055043358566,-0.10139155526553134,2.0857,1.5446
2.0857,0.5149,1.908811834267617,0.3259439465956193,2.0857,-0.3228915250057089,1.4980993089164318,-0.07230124693474616,2.0857,1.5446
2.0857,0.5149,1.8482653164001261,0.266603811773775,2.0857,-0.30243346328143744,1.5257342209105957,-0.04504914226335499,2.0857,1.5446
2.0857,0.5149,1.8568641608631231,0.2796494620162504,2.0857,-0.13221997774577204,1.4393199324035675,-0.13147634101118122,2.0857,1.5446
2.0857,0.5149,1.7869676843055706,0.21194892797233345,2.0857,-0.2122645136404014,1.3220225072856633,-0.24838250709302345,2.0857,1.5446
2.0857,0.5149,1.7938802815451325,0.21601470770388032,2.0857,-0.13414370786957952,1.2845068478155905,-0.2844167257242347,2.0857,1.5446
2.0857,0.5149,1.797482804120985,0.21727246340621087,2.0857,-0.13279068179748124,1.2166037462639043,-0.34864205196097275,2.0857,1.5414716085197666
2.0857,0.5149,1.7444231349563517,0.16382117350783987,2.0857,-0.0349,1.0007859960125225,-0.5267337675739199,2.0857,1.5446
2.0857,0.5149,1.7360462557694674,0.1536829551661516,2.0857,-0.0349,0.9443390880023411,-0.5821813368269231,2.0857,1.5446
2.0857,0.5149,1.7214448765696417,0.13940240991625363,2.0857,-0.0349,0.9287822093975063,-0.5579977292836489,1.9664141198884466,1.5446
2.0857,0.5149,1.8412295892353512,0.2557283130491226,2.0857,-0.0349,0.981917900193838,-0.489998661676732,1.7837318927026473,1.5446
2.0857,0.5149,1.8457817968589716,0.25062722013954186,2.0857,-0.0349,1.0587583829936695,-0.4058718589985073,1.5993251682582383,1.5446
2.0857,0.5149,1.7988580397207896,0.20883900099805963,2.0857,-0.0349,1.0580984903043706,-0.40055736587275126,1.739628619720393,1.5446
2.0857,0.5149,1.6837100407674837,0.09211988867243615,2.0857,-0.13086820719418127,1.212784873334257,-0.29164792927259,1.583706007046768,1.5446
2.0857,0.5149,1.6755149350382725,0.08776527219062391,2.0857,-0.1858752910980211,1.3369817351723001,-0.19813322616734408,1.5013648637036385,1.5446
2.0857,0.5149,1.6252895392476248,0.04727745155765195,2.0857,-0.31073915022042387,1.364722505631777,-0.18053266223482267,1.3618475302295985,1.5446
2.0857,0.5149,1.6664530778223998,0.08611801630404914,2.0857,-0.35082393017510566,1.4233080494542927,-0.13149586499032173,1.6374465302295984,1.5446
2.0857,0.5149,1.7176608865751297,0.1330279665747025,2.0857,-0.30566770771061524,1.4802892730962183,-0.08389942291349706,1.9130455302295983,1.5446
2.0857,0.5149,1.6147598580759754,0.041889987157161857,2.0857,-0.26471249242736444,1.4413558955551373,-0.12762476227393282,2.0857,1.5446
2.0857,0.5149,1.5856444201263695,0.014215103276733254,2.0857,-0.27846774316985223,1.4260578334438425,-0.14463297240129447,2.0857,1.5446
2.0857,0.5149,1.475302950639802,-0.09275869995402086,2.0857,-0.31730003190795186,1.3482278082625785,-0.22171277375481924,2.0857,1.5446
2.0857,0.5149,1.3532777217704475,-0.2105016946308611,2.0857,-0.3178542397056095,1.1581977049468128,-0.40896754002009383,2.0857,1.5446
2.0857,0.5149,1.360588754097436,-0.20500794608055273,2.0857,-0.26161683486344817,1.1620722484209787,-0.40207022468075726,2.0857,1.5446
2.0857,0.5149,1.4048762436158688,-0.1630516795851482,2.0857,-0.2745614473927786,1.2214393685100737,-0.33937838153680366,2.0857,1.5446
2.0857,0.5149,1.407152309449856,-0.15955414027165116,2.0857,-0.30482227754610314,1.2450199643321207,-0.31892325838333635,1.9093146935118064,1.5446
2.0857,0.5149,1.4216986731937427,-0.14474127929611225,2.0857,-0.2576932002568526,1.286099644341408,-0.27945319781209377,2.0857,1.5446
2.0857,0.5149,1.4400499950408432,-0.12766211995271748,2.0857,-0.13770656028333736,1.2963115792610476,-0.2721038889145744,2.0857,1.5446
2.0857,0.5149,1.5070090173105608,-0.062288796524540224,2.0857,-0.12125684379966042,1.351510940078981,-0.2190072099906355,2.0857,1.5446
2.0857,0.5149,1.517946721477795,-0.0513940270393769,2.0857,-0.18099086793148822,1.4168117388080963,-0.1539826513362319,2.0857,1.5446
2.0857,0.5149,1.5482742755930492,-0.021660998808189058,2.0857,-0.2294847406360345,1.43333532154401,-0.13710666102500113,2.0857,1.5446
2.0857,0.5149,1.6460631542393738,0.0715775102534324,2.0857,-0.15288620622206345,1.4045742267670738,-0.16513922980511198,2.0857,1.5446
2.0857,0.5149,1.6923041513328685,0.1143907328532976,2.0857,-0.1148137510463183,1.3792182353897886,-0.189274105298453,2.0857,1.5446
2.0857,0.5149,1.6888285940454735,0.10878477984840629,2.0857,-0.1609200688039203,1.3762241980652012,-0.19269223323658924,2.0857,1.5446
2.0857,0.5149,1.708976835930085,0.11800561115817576,2.0857,-0.1483961064309984,1.358549625483479,-0.2099323424744841,2.0857,1.5446
2.0857,0.5149,1.6824197157629388,0.08902018226662034,2.0857,-0.17229648009785117,1.3473233903279676,-0.22158489651295366,2.0857,1.5446
2.0857,0.5149,1.742971900608691,0.134012023468548,2.0857,-0.2753907086760005,1.425316376698159,-0.14544030657972296,2.0857,1.5446
2.0857,0.5149,1.6858628155853008,0.09022800210663684,2.0857,-0.03558837534266718,1.4906354849563817,-0.07966040041304367,2.0857,1.5446
2.0857,0.5149,1.7351098265022107,0.12422443459589583,2.0857,-0.0349,1.5636230456779308,-0.007132726464985639,2.0857,1.5446
2.0857,0.5149,1.675800659083289,0.0802131228100349,2.0857,-0.0349,1.5544322570638813,-0.016284706363504542,2.0857,1.5446
2.0857,0.5149,1.714022049978336,0.111733412403062,2.0857,-0.0349,1.5998966329171056,0.028916077885019265,2.0857,1.5446
2.0857,0.5149,1.7431117654214372,0.1379116646291878,2.0857,-0.0349,1.568171118188632,-0.0026012885122559393,2.0857,1.5446
2.0857,0.5149,1.7538208209523003,0.147084754722272,2.0857,-0.0349,1.5327708170044445,-0.03763684636815845,2.0857,1.5446
2.0857,0.5149,1.8864403596503978,0.25368710269111916,2.0857,-0.0349,1.659809756797002,0.08854390550423652,2.0513474365298623,1.5446
2.0857,0.5149,1.8899165565447056,0.2550046218154107,2.0857,-0.0349,1.6679620650198093,0.09701180309850232,2.0857,1.5446
2.0857,0.5149,1.9449385984204157,0.2901513497205537,2.0857,-0.0349,1.882634040552645,0.3116375536615297,2.0857,1.4624682020742474
2.0857,0.5149,1.9588321469431125,0.29377030946753324,2.0857,-0.0349,1.8705491995494827,0.2990632217611433,2.0857,1.3315655165548197
2.0857,0.5149,1.9247535257363606,0.2662550586346495,2.0857,-0.0349,1.7837149205394032,0.2123348750530285,2.0857,1.0974495599857585
2.0857,0.5149,1.910031652558359,0.2571280243546181,2.0857,-0.0349,1.7370177469771912,0.16581103527294494,2.0857,1.1243871221700605
2.0857,0.5149,1.869996012426861,0.22850360602136788,2.0857,-0.0349,1.7024317671046776,0.13139648063340648,2.0857,1.1413570017958266
2.0857,0.5149,1.6357086213385041,0.04849360312470097,2.0857,-0.0349,1.6635638913684834,0.0924857177345706,2.0857,1.3811593351291598
2.0857,0.5149,1.693029172807884,0.09385510308388167,2.0857,-0.0349,1.4814628192086217,-0.08931540963006457,2.0857,1.5446
2.0857,0.5149,1.7662735718670814,0.15572919054651724,2.0857,-0.0349,1.507349142111389,-0.06344351219060562,1.9065705452465855,1.5446
2.0857,0.5149,1.6517593385790352,0.06456836500134577,2.0857,-0.0349,1.503001464105547,-0.06770580743580079,2.0857,1.5446
2.0857,0.5149,1.6619162024786773,0.07330345019113116,2.0857,-0.0349,1.4265020675705242,-0.14429098161365128,2.0857,1.5279525859536784
2.0857,0.5149,1.679430454331698,0.08805651509192258,2.0857,-0.0349,1.4260087031297133,-0.14463868089466292,2.0857,1.5446
2.0857,0.5149,1.666685718151085,0.07718575829855889,2.0857,-0.0349,1.4194092105800764,-0.15082903292085925,2.0857,1.5446
2.0857,0.5149,1.6129622327475168,0.03368076453768443,2.0857,-0.0349,1.403604826369184,-0.16597325453780587,2.0857,1.5446
2.0857,0.5149,1.526590313942395,-0.03523571409846227,2.0857,-0.0349,1.3854746145229409,-0.18415353377502552,2.0857,1.5446
2.0857,0.5149,1.5480972132172852,-0.01802413219324639,2.0857,-0.0349,1.3750355490903508,-0.1942842146370669,2.0857,1.5446
2.0857,0.5149,1.5222090735265894,-0.038796349347469006,2.0857,-0.0349,1.3896828236299221,-0.18026407623973695,2.0857,1.5446
2.0857,0.5149,1.5485252289382083,-0.01792571833668588,2.0857,-0.0349,1.412484923639622,-0.1574308530791373,2.0857,1.5446
2.0857,0.5149,1.5651302575653876,-0.00457275172040883,2.0857,-0.0349,1.4162996498650353,-0.15333759226363375,2.0857,1.5446
2.0857,0.5149,1.5417899333662315,-0.02379079579989285,2.0857,-0.0349,1.3924613639916221,-0.17684358984385606,2.0857,1.5446
2.0857,0.5149,1.5691872578054702,-0.0013325464662186093,2.0857,-0.0349,1.4034499829803564,-0.1657118200926022,2.0857,1.5446
2.0857,0.5149,1.6075179624894753,0.0307502243033968,2.0857,-0.0349,1.406654831157457,-0.1624518048102621,2.0857,1.5446
2.0857,0.5149,1.5971318998814634,0.022394195394754624,2.0857,-0.0349,1.4102828925762474,-0.15867210422232847,2.0857,1.5446
2.0857,0.5149,1.5679401199621235,-0.002453222570510727,2.0857,-0.0349,1.4106419065374112,-0.1580071927594371,2.0857,1.5446
2.0857,0.5149,1.421626506559032,-0.13102230127935388,2.0857,-0.0349,1.36024037935009,-0.20431316713100123,2.0857,1.5446
2.0857,0.5149,1.3495238204900677,-0.1957417426167396,2.0857,-0.0349,1.3036040400336002,-0.2554689339094911,2.0857,1.5446
2.0857,0.5149,1.132817085560316,-0.3142,2.0857,-0.0349,1.0998821043697031,-0.4470468593353789,2.0857,1.5446
2.0857,0.5149,1.0568273273425544,-0.3142,2.0857,-0.0349,1.0141956616465562,-0.5280352750752944,2.0857,1.5446
2.0857,0.5149,0.9889143883714425,-0.3142,2.0857,-0.0349,0.9768051654687724,-0.5736514571971656,2.0857,1.5446
2.0857,0.5149,0.8647827364840132,-0.3142,2.0857,-0.0349,0.9084890220161768,-0.6352417854028759,2.0857,1.5446
2.0857,0.5149,0.7159606373151347,-0.3142,2.0857,-0.0349,0.835269996084606,-0.7006385952681183,2.0857,1.5446
2.0857,0.5149,0.5795711133862146,-0.3142,2.0857,-0.0349,0.8295987692203002,-0.7081565091675507,2.0857,1.5446
2.0857,0.5149,0.5851915053952257,-0.3142,2.0857,-0.0349,0.8259853709461905,-0.7095060160457564,2.0857,1.5446
2.0857,0.5149,0.5885039551172324,-0.3142,2.0857,-0.0349,0.8268863620185335,-0.7162211371630088,2.0857,1.5446
2.0857,0.5149,0.6037006831881898,-0.3142,2.0857,-0.0349,0.839251604088745,-0.7102778145059971,2.0857,1.5446
2.0857,0.5149,0.6389232517093492,-0.3142,2.0857,-0.0349,0.8531446198518824,-0.7001486154152473,2.0857,1.5446
2.0857,0.5149,0.6852128819474176,-0.3142,2.0857,-0.0349,0.8641969427423063,-0.686311221570961,2.0857,1.5446
2.0857,0.5149,0.8276856312173979,-0.3142,2.0857,-0.0349,0.9020248979654172,-0.6478816953056008,2.0857,1.5446
2.0857,0.5149,0.9790367308855362,-0.3142,2.0857,-0.0349,0.9990411257998946,-0.5531861186573419,2.0857,1.5446
2.0857,0.5149,1.1229852402764167,-0.3142,2.0857,-0.0349,1.053363142559741,-0.5045268609800295,2.0857,1.5446
2.0857,0.5149,1.1731014855755155,-0.3142,2.0857,-0.0349,1.1201506690026188,-0.43955068381933726,2.0857,1.5446
2.0857,0.5149,1.1800892803703826,-0.3142,2.0857,-0.0349,1.1205610718548755,-0.43734069037852596,2.0857,1.5446
2.0857,0.5149,1.1970589265530052,-0.3142,2.0857,-0.0349,1.1318836797410508,-0.42580292001091924,2.0857,1.5446
