frame,mw-decreasing_by_half_lmw-balanced_ignorevisibility_excludebase,mw-decreasing_by_half_lmw-dempster_ignorevisibility_excludebase,mw-decreasing_by_quarter_lmw-balanced_ignorevisibility_excludebase,mw-decreasing_by_quarter_lmw-dempster_ignorevisibility_excludebase,mw-equal_lmw-balanced_ignorevisibility_excludebase,mw-equal_lmw-dempster_ignorevisibility_excludebase,mw-decreasing_by_half_lmw-balanced_byvisibility_includebase,mw-decreasing_by_half_lmw-dempster_byvisibility_includebase,mw-decreasing_by_quarter_lmw-balanced_byvisibility_includebase,mw-decreasing_by_quarter_lmw-dempster_byvisibility_includebase,mw-equal_lmw-balanced_byvisibility_includebase,mw-equal_lmw-dempster_byvisibility_includebase
0,0.0,0.0,0.0,0.0,0.0,0.0,0.0,0.0,0.0,0.0,0.0,0.0
1,0.1410469772539706,0.1443371979368039,0.1234161050972243,0.1262950481947034,0.0881543607837316,0.0902107487105024,0.0072384035018832,0.0082468272201656,0.0063336030641478,0.0072159738176449,0.004524002188677,0.00515426701260351
2,0.2919526851093206,0.294034873186025,0.2656408130070997,0.2680250092353363,0.201599150556898,0.203565206227452,0.0136594934635907,0.0151656857922887,0.0124316203276514,0.0138490191668917,0.0094591501687101,0.010552022052417889
3,0.5476009448561078,0.5316460917752415,0.5016307710808938,0.4865816622399516,0.4110207754196603,0.3966978944629954,0.0283816474589379,0.0295710061568559,0.0262695312167626,0.0273432858464136,0.02202735998781,0.022764608480612455
4,0.7263186439214135,0.6956218989264881,0.6599733774595989,0.6320656135775757,0.549561796758261,0.5245099845013144,0.0385698908631937,0.0393244412972119,0.0354173693207428,0.0361367940088447,0.030085315303347,0.030567523736919327
5,0.8803465996705094,0.8392527829816333,0.794121823522521,0.7561124233309232,0.6559077610268239,0.6219048078344612,0.0477013580512294,0.0483348741524295,0.0434292379584858,0.0439488106829649,0.0365514426538898,0.03679600039951555
6,1.05786985846653,0.9979430635846052,0.9483810127219076,0.8944635687331313,0.7816717797827577,0.7371286974580272,0.059423593492113,0.059376981168262,0.0536255892044537,0.0535988499057163,0.0447873574146624,0.04481152172706686
7,1.191620870219774,1.1188730640197757,1.067254692314041,1.003174270479131,0.8786239944618627,0.8262934307821935,0.0676449821914871,0.0671601018824128,0.0610059949574939,0.0607141225896775,0.0507714255701099,0.05062375449423076
8,1.3317960831945033,1.2493057198723607,1.191223592740649,1.1188459981986707,0.9838246166306176,0.9240709977453966,0.0757582219065188,0.0751184674131066,0.0682628671919495,0.0678721094697814,0.0571123637930972,0.05686183261902318
9,1.5889760812795153,1.4738201679846794,1.4185889245561774,1.315882374738078,1.1685248899471152,1.0816625219173224,0.0930971435788328,0.0910163206104591,0.0838309812165376,0.0820523525579051,0.0700585058965019,0.06847635208092161
10,1.8020652527262684,1.6708850771680914,1.6121015597882655,1.4933604499819304,1.3372056598944242,1.234333562673455,0.105953758106379,0.1035757415066521,0.0956640719201305,0.0934912551313945,0.080601000808842,0.07850590312918347
11,2.006875895748474,1.8518682559904176,1.7898828648484235,1.6502567476826482,1.482204685217383,1.3629806330691356,0.119093096242506,0.1157183221572112,0.1071434210712368,0.1040934480874751,0.0900824128518598,0.08734658038353525
12,2.218876974007561,2.050331905031474,1.9753921419041944,1.824628550703857,1.6335299640763277,1.5079707624175211,0.1321744331771665,0.1287575629655577,0.118491877331983,0.1154613788687729,0.0992462020392663,0.09677145304072142
13,2.420532617333377,2.236802242521152,2.152128022454705,1.98813811052164,1.7781513350815514,1.6400180935034316,0.1443090062653719,0.1406123959093728,0.1290823294433636,0.1258101322954017,0.1079101008104545,0.105076807281971
14,2.6124473291732864,2.4308152117053616,2.3233094339335554,2.160815371184458,1.9200399303418507,1.781404785993792,0.1567912074762086,0.1544262249295637,0.1399907031362726,0.1378513789614143,0.1167406606555301,0.11466802009169176
15,2.910601532461161,2.6637784750168167,2.587165380395655,2.3592508706253223,2.140274399428287,1.9365075210391391,0.1782766958103504,0.1719841600059228,0.158934170550779,0.152618231265242,0.1323226484957375,0.12579726010025932
16,3.165392093887569,2.88516604454854,2.809554236813807,2.5513670265812163,2.327997013802003,2.096526639048921,0.1967310188676165,0.1891210505528188,0.1750357165933626,0.167470868016674,0.1457231278295135,0.13793720917095487
17,3.3421748337832526,3.0490768539977786,2.9794637870114267,2.7085486718974736,2.479642284641644,2.2362331429864426,0.2090460159972773,0.2013878866568727,0.1870080274493737,0.1793778390845108,0.1565296429416089,0.148645813689033
18,3.5903237575751232,3.258008199965946,3.198743046387699,2.8927500417269094,2.657366634882912,2.3849326514327487,0.2271554109861028,0.2176988359749871,0.2030526931557905,0.1938008492593171,0.1695663767056681,0.1603203383734353
19,3.756146106428967,3.4012232347577545,3.3519037803479184,3.024604421679389,2.7870172035767564,2.496865872549668,0.2388615375936203,0.2284855219075902,0.2139164937555229,0.2037838902316054,0.1788146440439617,0.1688542954603046
20,3.882953817122916,3.5130469275285985,3.4730188251178897,3.132160294718516,2.899994597971726,2.59874764805034,0.2478581723631286,0.2369815150249892,0.2225158108365995,0.2119684830985533,0.1868635174688045,0.17664841469839013
21,3.973703549706023,3.5950042334838,3.56416585915027,3.2134397570264577,2.987700790568488,2.6765082525071,0.2539813071385018,0.2428830557061251,0.2287262306339662,0.2178752993700443,0.1928666251142945,0.18232422815129537
22,4.076091636679991,3.692071763332817,3.657724478770192,3.3011156966208297,3.068022005430593,2.7504011062227978,0.2610494961900342,0.2500953742598533,0.2352150247923425,0.2244140832745967,0.1984470495182303,0.18783472967666406
23,4.260145676334922,3.841183216326333,3.82228017432216,3.43203194492292,3.2055364724382143,2.85764499800056,0.2738487328034138,0.2610870668805783,0.2466908321199949,0.2340806867365994,0.2080830709048153,0.19578636200469673
24,4.557663443092432,4.091656181492607,4.0802070679254765,3.649893435000824,3.4139987057796386,3.033245747734854,0.2944227574728785,0.2795207667967078,0.2645109781123461,0.2501021656076837,0.2224761421376548,0.2086861366945097
25,4.7607064479625,4.268408177192879,4.287408012079221,3.826510373231343,3.612161253775066,3.198942199735227,0.3082501599058309,0.2923473579913933,0.2787244707347925,0.2630011093209149,0.2361507254334098,0.22085174486251513
26,4.921498532676747,4.4111204770478,4.448308588950874,3.9664873963965137,3.7759588205381327,3.3380203047589503,0.3190980859821151,0.3026188967632289,0.2896632441895715,0.2731440579161762,0.2473998808779051,0.23102724679206982
27,5.033029266429117,4.512580233095381,4.558017858040872,4.065384596254896,3.899878038079419,3.4447611771621496,0.3264635557228403,0.3097701031316189,0.2969356837069794,0.2801361644825145,0.2557747930123566,0.2387048960780287
28,5.185028299157601,4.641111457497392,4.696224324506442,4.181893932353317,4.017701350873659,3.543478423902904,0.3369435040757377,0.3192288670067607,0.3064704165377852,0.2887146078330879,0.2639068972861814,0.24597413961687348
29,5.279689571599199,4.724696999761105,4.785097428629871,4.259580816705891,4.096654988873754,3.6113813716597374,0.3432542952958528,0.3251681158457232,0.312431157727755,0.2942678951530767,0.2692350978321844,0.25085612117672135
30,5.355620836142103,4.792765709699023,4.858467679872044,4.324018852849905,4.171500876514522,3.674363747097291,0.3482852502504218,0.3299799195211262,0.3173210938227029,0.2988449695705732,0.2742797166808099,0.2553729601347669
31,5.431316002466471,4.862366435347116,4.926942144082662,4.386372800657608,4.236223960882293,3.7313086979083847,0.3531798843861276,0.3347822864794681,0.3217650760917495,0.3031600113106847,0.2785477148790291,0.2593709910049151
32,5.497625697894118,4.921576151953791,4.985667930173869,4.43943137394783,4.284740557241472,3.775641830719069,0.3574775693344172,0.3388656127307746,0.3255689636039198,0.3068213630105573,0.2816917058314719,0.2624354621541678
33,5.564614733943064,4.983393500298839,5.0466928948988485,4.494465579647932,4.33677012737677,3.820911333862889,0.3616942539844319,0.3430095806813326,0.329430947866433,0.3105212583916124,0.2850080695252642,0.2654896164884523
34,5.673936644615976,5.078601304888174,5.148104143089203,4.583215996171337,4.424682764637882,3.899359207781552,0.3689856114683214,0.3497838829203212,0.3361845706010584,0.3168272129248536,0.2908495611503243,0.27105653785404304
35,5.746614605102958,5.144500034051395,5.218655229607027,4.646939469066733,4.489166135750224,3.958090500834657,0.3736900457769861,0.3543316901081679,0.340758987459052,0.3212315347683729,0.2950397929554703,0.2751288737334706
36,5.8256703232189455,5.219032316904057,5.293015489989516,4.716599782359159,4.556184220667443,4.020598501354108,0.378812116836229,0.3594988190569296,0.3455872888469943,0.3260695042331434,0.2994191186430413,0.27949838176148245
37,5.905641333273188,5.290759418284951,5.36460405873673,4.780862999292212,4.618719543204159,4.076912495084528,0.3840893323658023,0.364553536994203,0.3503010050951877,0.3305873546743694,0.3035231961467485,0.28344367388575964
38,5.971339266501918,5.351049807385339,5.423155912905459,4.834898039321452,4.669345974005195,4.124336880282451,0.3883942782423192,0.3687760328785742,0.3541424172139221,0.3343782670263862,0.3068341201746067,0.2867627499096594
39,6.04709374742382,5.417534206569315,5.493752139349771,4.897297703445476,4.731380328236493,4.179879456521896,0.3934255311281964,0.3734910427173906,0.3588234230105883,0.3387969933094641,0.310939027635692,0.29068959107921766
40,6.182638158573976,5.536350923213718,5.618461216018642,5.007149361259232,4.838246245649323,4.274230316329652,0.4024772567695746,0.3819714389988993,0.36715504886462,0.3466428932669004,0.3180816372874853,0.297432309028833
41,6.292635596928701,5.637271205141431,5.726457081911656,5.104152562877053,4.93823494719167,4.361345486440692,0.4096063364937622,0.3889555956801465,0.3742094389680323,0.3534043165522186,0.3246659261393707,0.3035487423153677
42,6.59109069288146,5.904625694447406,6.001969918373176,5.351278132526305,5.171255256669707,4.572229103816626,0.4296757607461724,0.4082039000478753,0.3927402341132206,0.3712014431909108,0.340338571132201,0.31874026564063446
43,6.827379531259947,6.112116730155123,6.21521952753495,5.538518642564844,5.359918826244917,4.737322180817631,0.4456298121810298,0.4232006846703343,0.4071294664742151,0.3847246323510033,0.3530652600673908,0.33065876181712595
44,6.984381059336399,6.250997500688633,6.377568569385314,5.681608170721535,5.513731790580517,4.8730346532775375,0.4561721732845278,0.4331784334477269,0.418060839802862,0.3950355376928729,0.3634191068612476,0.34043547398038626
45,7.081306489328862,6.3396147722291,6.476216875550044,5.771063336120218,5.609330542343301,4.959447199700627,0.4625568706904933,0.4394198646226512,0.4245997199315737,0.4013767183244215,0.3697994737369195,0.3466068574870863
46,7.201804760308937,6.453145810972917,6.592348506017016,5.880410783011678,5.7326242700177374,5.074218773835233,0.4698689091656562,0.4467576264409156,0.431664798225322,0.4084627520148496,0.3774304583163734,0.35417136663613535
47,7.413406040840133,6.649633922399103,6.782334437809831,6.056762917600548,5.89074476105464,5.220969743207103,0.4835129075462812,0.4602919465550444,0.4439564336110582,0.4206541929973243,0.3877091632210377,0.3643686454835421
48,7.627253417744827,6.849312349938399,6.964810364950643,6.227443254976201,6.036858511225589,5.35830186024778,0.4974311041787666,0.4741914876938733,0.4558568516114623,0.4325625143151079,0.397220245048662,0.3739342958441496
49,7.818307071333018,7.030571127881316,7.143082939839411,6.394526109876216,6.192439995415078,5.502299618220714,0.5099347455883172,0.4868977076116398,0.4674316969566297,0.4441661946115057,0.4071958604936651,0.38378970412299956
50,8.270037935894614,7.412408610191346,7.56276680101275,6.747264573097988,6.55895628836488,5.808607220686753,0.5409721305778284,0.515008127905878,0.496211370678909,0.470070883388653,0.4322697304527846,0.40621687588289734
51,8.573103040744277,7.678914661062689,7.841696960135101,6.991056255145411,6.802457705957368,6.0216166484248,0.561787614854044,0.5346198444300033,0.5153474071764503,0.4879833479049196,0.448846338477683,0.4217294855053941
52,8.782160460324064,7.867732199327845,8.034721513540973,7.164373183932778,6.982266494805717,6.182370866559819,0.5763171339301497,0.5487040079574884,0.528766112262839,0.5009115531643659,0.4613487921449926,0.4337208928944578
53,8.963334926361496,8.035507801837264,8.193126730438705,7.310739053854742,7.118342037127984,6.308124878269238,0.5888957606148713,0.5612174517019256,0.5397364095135821,0.511796860558154,0.4707562658100496,0.44305568687626457
54,9.105398739936254,8.165008829528508,8.317920243582021,7.424568429285737,7.218455300452636,6.399228841445018,0.5989477296827651,0.5710663039919245,0.5485360813902187,0.5204214345613182,0.4777984969160026,0.4499387923263353
55,9.21882178583216,8.270287901232095,8.421723431176549,7.519087214113366,7.309032871314651,6.4808016386737055,0.6068158479629318,0.5789116300922741,0.5557460422462561,0.5274601339144847,0.4840801629082538,0.4559956506586199
56,9.345774537211412,8.39081347176354,8.533349823957515,7.623834407501135,7.402357395219068,6.566301016543851,0.6151620096434838,0.5874195759613013,0.5630598577342442,0.5348105658754844,0.4902027780583107,0.4619746654294009
57,9.498856541831096,8.537467523517414,8.670200287412976,7.754071437489338,7.515202216760984,6.672634308742898,0.6254037133048951,0.5979875279287439,0.5722628827494416,0.5442351395360462,0.4978376271952081,0.4697056484311112
58,9.593624840469024,8.629639316784875,8.76017065944051,7.841157255918541,7.595181951613292,6.749020446444975,0.6317737358694795,0.6046853199568261,0.578235826713202,0.5504763577292314,0.5030696014305505,0.47507996734550834
59,9.779056235764523,8.80505272919092,8.924169966535187,7.997335022138505,7.723998637381523,6.874013050752081,0.6448579333140605,0.61803980295412,0.5897890374137609,0.5623585293679847,0.5121297686909041,0.4846017382029627
60,9.889263102333146,8.91112287872886,9.02645192993676,8.094847489608918,7.813443419679426,6.959785407294758,0.6525963883618012,0.6261019172322182,0.5969618881988625,0.5697473425303637,0.5183653610367522,0.4910676615532183
61,9.961530029904536,8.977209633144582,9.096169517674142,8.158028129884329,7.877561904526711,7.016727237673358,0.6577307332416374,0.6311405557221287,0.601898508505746,0.5745375263625861,0.5228412156801064,0.4952964106152244
62,10.055439121627591,9.059712645208304,9.17758396953733,8.22974424886048,7.944022551597197,7.075561117698134,0.6644846670562814,0.6374641270102414,0.6077327700852219,0.5800143357685519,0.5275374249945588,0.4997215361616284
63,10.161904786367243,9.160513634761475,9.269417213641452,8.31528856403288,8.016193947414536,7.141960104365436,0.6719850832200249,0.6451357686612846,0.6142010261316996,0.586499267211015,0.5326127147824932,0.5047317330323873
64,10.232816508651576,9.230147605110693,9.338800737686888,8.382716032323836,8.077154652809346,7.19977437538742,0.6771271339526318,0.6506408309513313,0.6192142948650656,0.5917997254136269,0.5370436327419439,0.5092833067357836
65,10.282267396418868,9.277943548622815,9.388147804459,8.430531106404501,8.126492488251333,7.246867143124315,0.6806185500589609,0.6543058552074934,0.622694121711859,0.5954636821528083,0.5405075104510673,0.5128623905816005
66,10.325249674857472,9.321429360485064,9.42812446575612,8.470775368859616,8.16725340112952,7.287898573823642,0.6837539080568824,0.65778779568833,0.6255775439516097,0.5986472201063943,0.5433885122303145,0.5160435491377917
67,10.35319619294696,9.349627234589816,9.455371491810784,8.498320804560606,8.192942950117907,7.313711189443939,0.6857110824004854,0.6599564315255275,0.6274727380327145,0.6007524462550812,0.545150249356579,0.5179857499959777
68,10.376658175135503,9.372481096859472,9.478069506815045,8.520639894592847,8.213600854691247,7.334006466121977,0.6873581064821422,0.6617032249516286,0.6290760302731185,0.6024733226117661,0.5465911748788183,0.5195302322596653
69,10.415462220867198,9.408707868922647,9.513713516874043,8.553756062198826,8.243332674336022,7.36133543624581,0.6901992102438813,0.6645697300239488,0.6316811119728147,0.6050858548778465,0.5487565373437331,0.5216727684682962
70,10.48276318376741,9.475583154129405,9.57381101554493,8.612987813637142,8.292042247316779,7.408765894209359,0.6948413546836466,0.6696198055391354,0.6357903170181782,0.6095088548745736,0.5520219044074623,0.5251302998046394
71,10.586663982503802,9.57756205922318,9.663548978514264,8.700800280155278,8.362786271429165,7.47770699531438,0.7023528583488283,0.6776747703608683,0.6422480942036959,0.616407291101439,0.557079133254675,0.5305039335726869
72,10.674915474386747,9.659628522702052,9.740435951913978,8.77255776616395,8.423501871219361,7.534721951781354,0.7087302982363982,0.6840709395160863,0.6477924650205551,0.6219921028348594,0.5613973899845727,0.5348824181731532
73,10.86690707800326,9.846516398409085,9.915013011850274,8.942907816359417,8.574456447748497,7.682689703052287,0.7219117856683183,0.6980397326504012,0.6597642678425354,0.6347187671508175,0.5717519205019614,0.5459550677289838
74,10.99069433786374,9.968785643723256,10.02855193864124,9.054974529646184,8.674162251715769,7.7811839598028385,0.7304744035710079,0.7072871820570502,0.6676400051368137,0.6432170135737675,0.578701376689985,0.553462326716484
75,11.082648035764793,10.053800862251297,10.114020093828264,9.134011273542871,8.752904482682977,7.854133413735905,0.7369202293421567,0.7136850284029782,0.6735987458230747,0.6491297219772496,0.5841556265490842,0.5588836008301575
76,11.165476074912553,10.127146566784893,10.18799121161645,9.199591942422568,8.81887435815024,7.913308978456588,0.7430245806458182,0.7194600109679522,0.6789837747182431,0.6542217065637213,0.5889012210060454,0.5634294240107952
77,11.268010126787132,10.22403844773484,10.278632011312036,9.285195088386976,8.8952485754616,7.985186779077223,0.7502786093404498,0.7268718774213321,0.6853782387513866,0.6607490293055411,0.594312544208193,0.5689303255783841
78,11.452893104126051,10.395892595686446,10.45147963114401,9.44648067140589,9.047218046075962,8.127782011467717,0.7642927769434967,0.7409829356157117,0.6984562020361913,0.6739760771917812,0.6057819847272092,0.5806058377081995
79,11.584946575281208,10.521399551508535,10.573861901971178,9.562280679893856,9.153399554321403,8.228130768452289,0.7741489844471514,0.7511668626089617,0.70759814251021,0.683371472659222,0.6136870279435693,0.5887160768604307
80,11.700778313457974,10.633651262826536,10.680739230381594,9.664876166514937,9.255064808671367,8.324445118639819,0.7819003748015547,0.7593323676169911,0.7147316677275279,0.6907880985758952,0.6204935204310453,0.5956670722269214
81,11.887800538803486,10.80479556152032,10.844663472518937,9.813534055720256,9.391199340931491,8.44642916593977,0.7937942435289197,0.7708303654332389,0.7250735772608786,0.7006406992219502,0.6289515402307337,0.6035594555287532
82,12.37018295930556,11.275777413897249,11.300443977421269,10.259391496397956,9.810530245422218,8.858254320344376,0.8298201284108686,0.8092992338701342,0.7588503018487498,0.7367838769046371,0.6597755451180872,0.6366968367793019
83,12.626329384413266,11.51658278322072,11.567638362569076,10.513812057564907,10.088984937679063,9.127721387796608,0.8484847807605682,0.8282966297478779,0.7781954058710988,0.7567870418963362,0.6797178730774952,0.6577363216441041
84,12.90760189866327,11.788801988434091,11.85774893147203,10.794159337069518,10.399126372882405,9.429666095758655,0.8677120321817593,0.8485460879553073,0.798268065497746,0.7778955060037442,0.7014874062981286,0.6808695849743266
85,13.080423756555687,11.957438444924705,12.029687481529091,10.960578824832858,10.59225076772116,9.61518217215314,0.8799675761677943,0.8616143887418943,0.8103826713468922,0.7906743357646553,0.7152022070461366,0.6951993139162888
86,13.214810123572056,12.0897471454702,12.159630602064656,11.088118068328948,10.717842650228656,9.73579944272553,0.889456723762977,0.8718488571654464,0.8193338496439486,0.8002839217287488,0.7235288305170743,0.7038629957355715
87,13.300315120253607,12.169032353868811,12.246502239879316,11.16918617850824,10.80447505971387,9.81695164128944,0.8954794380744414,0.8778517250593031,0.8254418268443029,0.8064223724556598,0.7293782285436262,0.7097493632958018
88,13.391238925739694,12.258030809553809,12.33223658063903,11.25285962192022,10.886852247533904,9.89710731031417,0.9021529928872384,0.8850027646073184,0.8317013368097279,0.813104094006356,0.7353673082874352,0.7161173012767421
89,13.471593514126074,12.338257144971982,12.404705097333704,11.32523807147507,10.955375015985304,9.965594980773066,0.9079139863901686,0.8913315676221144,0.8368725950858059,0.8187875618535089,0.7402403266899752,0.7214780068880225
90,13.565484720736894,12.430775479322628,12.484127073193587,11.40343431562581,11.017812439775774,10.026881553931888,0.9145972986351312,0.898551295924874,0.8425072743175411,0.8248675897435599,0.7446402152365028,0.7262060656303313
91,13.656142254171902,12.516363963755634,12.562804744675864,11.477393173763664,11.079051919969208,10.083899485006132,0.9210353872042606,0.9051280783124986,0.8481203424476438,0.8305712697043389,0.7490313284660737,0.730614406262944
92,13.833903658874153,12.687937152473598,12.719617321788396,11.628919322283911,11.207067853376111,10.20801930904348,0.933932164863927,0.918704237754538,0.8594563636587351,0.8425199242186044,0.7582588981137198,0.7403818648823915
93,13.997883533233871,12.84995777206455,12.862665670227942,11.77022166523734,11.31990519375103,10.31976364794469,0.9455427456856398,0.9312842007192192,0.8695563140831661,0.8534589505127816,0.7661705669945715,0.7489783949563049
94,14.176139222488734,13.025044959211453,13.01542754035468,11.919623528691382,11.43778098201596,10.43399370416881,0.9580750857815202,0.9447479928149118,0.8802703551697821,0.8649045152226803,0.7744323457175459,0.7576993481881339
95,14.315328142180777,13.163713932174945,13.136914976901544,12.039555586512536,11.536835969364592,10.531226561384774,0.9680521008901364,0.9556589650994324,0.8889737500527426,0.874313825934613,0.781506633296975,0.7652923159958487
96,14.424642426237412,13.26528854406419,13.235794450016977,12.131385085346356,11.62099776156375,10.609693993626149,0.9760735427815018,0.9637081152634968,0.8961761670546394,0.8815312368402124,0.7875607375946153,0.7713817727562131
97,14.498781128179804,13.337632942656624,13.307692757318163,12.202127822756127,11.684493711622173,10.673585972326824,0.9807114055360312,0.968623682742465,0.9007382809783342,0.8864260526851868,0.7916177666030522,0.7758737145392293
98,14.5488943753338,13.38502291791081,13.358007894580616,12.249227799215658,11.73628237844721,10.72052916561583,0.9836072945419202,0.9715362760183984,0.9038023880163027,0.8894755110238134,0.7949946499808547,0.7791082752441167
99,14.5923468054608,13.427204568418864,13.399711139346971,12.289430313412982,11.777225101023417,10.759522552901322,0.9863365011639668,0.974406086505394,0.906380779712041,0.8921577961113808,0.7975967964798079,0.7817733752436705
100,14.643870388136175,13.476756461011773,13.445479581674393,12.333489322246043,11.813757138997277,10.79480702066947,0.9898631924072188,0.9780817823546408,0.909469350285487,0.8953785186311618,0.799993054757021,0.7842797043984194
101,14.706300099431154,13.537847341441546,13.498217786555657,12.384912667462224,11.854125726139472,10.833895474487091,0.9943258290026136,0.9828421010134532,0.913206718132072,0.899346738384001,0.8027710190445047,0.787200401593679
102,14.77100629884367,13.600621891018838,13.553210371908197,12.438293792004444,11.895665656202016,10.874121702210704,0.9988439255233263,0.9876041217129145,0.9170414760777148,0.9033911736778444,0.8056583434384419,0.7902361306781215
103,14.84330020802622,13.670767251875288,13.622721068596476,12.506088939704744,11.958855162052195,10.936005307342674,1.0022475322656907,0.9911248015932556,0.9203429402197976,0.9068405851737844,0.8086362276616699,0.7933699955612352
104,14.894702501939385,13.719762401611156,13.674229791190353,12.55547918706452,12.00757303431803,10.983001497567578,1.005322635886234,0.994261708614016,0.9233296437409702,0.9099076301494984,0.811359342357821,0.7961857837023524
105,14.97230681956222,13.793873591787763,13.746278383374555,12.624495753390883,12.071248791291644,11.04430751322137,1.0106515149960282,0.999758669700912,0.9280789048130396,0.9148141228460492,0.8151580446483704,0.8001153233269555
106,15.1035068555055,13.914237200941896,13.863735177535654,12.73203863629274,12.171704776953158,11.1362761989909,1.0197829337567816,1.008735894343965,0.9361953255590918,0.9227679863958352,0.8219756409165011,0.8067819349936375
107,15.255771375931612,14.059127377107297,13.996820504309683,12.858674731833212,12.279488189771408,11.238919343350288,1.0282821806129698,1.0173357871657625,0.9435069339394102,0.9301567612473494,0.8278387906626419,0.8127097710559661
108,15.390648954390944,14.189508391856096,14.113162979118266,12.97003819568584,12.371132054272676,11.32639552402518,1.035436565038174,1.0247256513503027,0.9497614706413576,0.936524320074838,0.8328972550935679,0.8178471846600617
109,15.488540329199504,14.284575217712373,14.206713939837792,13.061029800603468,12.45473600434632,11.407717676904852,1.0408624797093766,1.030378588252005,0.9548747611851216,0.9418604975421688,0.8375005933896476,0.8226531328272113
110,15.580012985851996,14.374634368864388,14.288164156106358,13.141121891120168,12.526985887104482,11.477675358371885,1.046151477354963,1.0360032076175698,0.9595066847228556,0.946775936633112,0.8415694036435396,0.8268758019619582
111,15.683655737780413,14.47605536343442,14.379167633657971,13.230820764487405,12.602241296358535,11.552402330420977,1.0529269860600536,1.0431686304661412,0.9653280472358492,0.9529840537055864,0.8461493799808879,0.8318027027580265
112,15.747710792276216,14.537975374291072,14.444745386527366,13.294286348138508,12.663422828066803,11.611447440579358,1.057146744892011,1.047565079051695,0.9696695742936292,0.957514532284998,0.8501795337437765,0.8359933621749924
113,15.794899857316546,14.583816692823044,14.493239442035565,13.341426761025422,12.715692993703971,11.662538293842026,1.0602614260721517,1.050828111637326,0.9729027917640573,0.9609055591633402,0.8536745927227031,0.839682855965201
114,15.842790586705917,14.634475506068796,14.53883708324734,13.389651433396605,12.76321345337228,11.712098332919744,1.063546586872946,1.0546200263450385,0.9760265213621347,0.9645107211080826,0.8569355141724205,0.8433875139686919
115,15.969014492585114,14.759251855256569,14.656068389723565,13.505758608283086,12.866153729616636,11.814403006636198,1.0719934228288348,1.0636485632765351,0.9838761704606072,0.9729193222648626,0.8638426132484666,0.8508158367376852
116,16.199032643452654,14.984061644362429,14.862281052328068,13.707125972219115,13.039339772427995,11.983277351448349,1.0859846345797814,1.0783630478454231,0.9963387823195404,0.9860092287860686,0.8742340257818526,0.8617079268603016
117,16.40946476610979,15.185380557178974,15.043134381508054,13.88030185591002,13.1862862756558,12.124131089712431,1.09927489216078,1.0919968205288082,1.0077144222601693,0.9976890042895556,0.8834575591201693,0.8711889297678904
118,16.87282314240216,15.609199561430287,15.473579910200858,14.27362404647696,13.566159258576311,12.470077076833954,1.131895381386285,1.1240459251217103,1.0378185378967602,1.027213445555367,0.909962140513431,0.8970805310419514
119,17.14019551305592,15.857302026986316,15.735699384746674,14.51677758780368,13.8150141034513,12.700437405034888,1.15025587748723,1.1423310742798818,1.0558469972033588,1.0451642343538796,0.927163444515704,0.9141746912727219
120,17.362463644299467,16.064395385601106,15.963639655494008,14.72915959235011,14.064781695819647,12.932273055886778,1.1636270550510517,1.1555519155558565,1.0698636762356504,1.0590524215483468,0.9430132758668036,0.9298509803138717
121,17.500587664838097,16.193275100085792,16.102371249278097,14.858031875795865,14.21934040122068,13.075250386816176,1.1724399726487431,1.1643287253542007,1.0785999714020311,1.0676946853269211,0.9529376080096198,0.939636567828021
122,17.65496931668728,16.334937568335754,16.250027428474574,14.994692410265708,14.359534511232107,13.207306756280513,1.1828735978637193,1.1745702288956328,1.0883186114490715,1.077305976519461,0.9617180737735328,0.9484710504730401
123,17.995380669329204,16.67186099866305,16.56453353461547,15.306775542762294,14.636861518247848,13.482082509345616,1.2048940192392903,1.1981590925752637,1.108607068451951,1.099106419000942,0.979695325707842,0.9677538196557721
124,18.34850198001041,17.021919492270854,16.898801135257514,15.636582551654314,14.94514739824558,13.785195664454914,1.2290369080156536,1.224104285399212,1.1315965814837337,1.1236801136753372,1.001103356466448,0.9905499281094567
125,18.64412275360898,17.321512257671362,17.165090005238312,15.90512860851348,15.18428582382932,14.0245886160026,1.2485021153865528,1.245596404074085,1.1492912665592132,1.1431002851275431,1.017141941412866,1.0079975710533433
126,18.89327992186599,17.570164415865037,17.393027702481106,16.131132012459187,15.395382559184076,14.231975460697248,1.265407899760538,1.2639283564147228,1.1647681856605423,1.1597548262969064,1.0316619682010717,1.023457599096036
127,19.10360361206839,17.776115418467565,17.580003366364192,16.313579265699595,15.547794723917717,14.379695223939583,1.2801490646729738,1.279578083681977,1.177745588741611,1.1734725945931166,1.042124119717776,1.0344253418626699
128,19.47782181300862,18.137744434571136,17.912962244168448,16.63579152985544,15.820774967133314,14.644676579740118,1.3044195061149255,1.304879749014835,1.19909175514079,1.1957544932383417,1.05928294425088,1.0523928120389616
129,19.75429431255401,18.39943917126716,18.155093538791448,16.865143475755882,16.01899636452274,14.833109472185852,1.322272709493717,1.3230072032817926,1.214694283617351,1.2116087772385695,1.071953884119656,1.065320795692708
130,19.950495254464418,18.58214274773223,18.32956481301916,17.031971854139922,16.16644544243395,14.978984214251955,1.3348035914703709,1.3354509778076136,1.2257427290143803,1.2229641377049492,1.0811063130052063,1.0751561845874538
131,20.06316370596325,18.681255496070893,18.44566983457445,17.13464246743642,16.277487319071422,15.07704598438576,1.3421119301785918,1.3421913708725015,1.2332786657001424,1.2299638436500913,1.0882608092897552,1.0817810711602798
132,20.193711043354902,18.80499205321431,18.564599053947088,17.24680150639913,16.38035498872116,15.175352879534149,1.3511175695603297,1.35139842386035,1.24137025145275,1.2381766895504864,1.0950272900229088,1.088749957341002
133,20.31921186805184,18.930270051316867,18.67477775890534,17.356947998786424,16.478680101536483,15.272124945781664,1.3600301865025484,1.3611182347911963,1.2491494573201036,1.246675512118188,1.1018478877595874,1.0960598560460373
134,20.41272706291265,19.02222336494856,18.764837005340706,17.446223882988246,16.558528043436265,15.352230039320707,1.3665953509047195,1.368153629759232,1.2554819742887051,1.2535295616620092,1.107496934058349,1.102263988574148
135,20.474612186390104,19.082737216203668,18.82488396313884,17.50531960498937,16.61492421320269,15.408667991407922,1.371012821209017,1.372860401699199,1.259765005507722,1.2581290158748164,1.1115533720879631,1.1067096322030734
136,20.520833691478508,19.127699412818973,18.871140715602248,17.5505984321295,16.66749714531271,15.4608754501082,1.374296927278201,1.376338278749638,1.2630623122053273,1.2616482824974309,1.115339104841322,1.1108226729555761
137,20.564140167355177,19.16960854287189,18.91363929735029,17.591854696126607,16.706999559350088,15.49920937960122,1.3771303563721,1.379309959697114,1.265869149726757,1.2646057368142438,1.1179646946315176,1.1135885393761316
138,20.606598143320177,19.21116453249813,18.95458382527114,17.63198833435864,16.746277485792397,15.53779733225937,1.379065290525929,1.381344944597311,1.2677276935297026,1.266565756800443,1.119781515041994,1.1155145074055728
139,20.636624339382045,19.239659256251866,18.98377995163843,17.65989730683763,16.77478590009645,15.565387378377936,1.3809526116010686,1.3832669231449577,1.2694667268283095,1.268348803134879,1.121378284671873,1.1171773575133779
140,20.663320929221683,19.26402647755447,19.009218446105987,17.683472942272203,16.799482352757817,15.588897034802992,1.3824994351247748,1.3847371371156394,1.2708560664945323,1.269691785765596,1.1225716263864702,1.1183713381588738
141,20.802191681125905,19.405087874549555,19.141958488824887,17.819016521031667,16.922657534003203,15.715720322944698,1.3924744735929504,1.3959048435009396,1.2804651362221915,1.2805177335646434,1.1316626528553964,1.1287112579122047
142,20.87808298344304,19.481569997202964,19.21568773213899,17.89364225933634,16.993997434220727,15.7882754317139,1.3975100370047315,1.4014927224852205,1.2854854036322865,1.286118828914176,1.1366818310947493,1.1343424537492872
143,21.002614079493124,19.605207409935485,19.32832790362024,18.005795097543754,17.089296409883268,15.883776862759538,1.4066160123896718,1.4114101168222948,1.2937882611252802,1.2951939016205245,1.143687426411188,1.1420602349257027
144,21.08016144250124,19.677947857551537,19.40276705102652,18.076292217336523,17.157054350864463,15.948507381236311,1.4121474775446168,1.4170138696377923,1.299049740577453,1.3005870271912272,1.1484341511949592,1.1469785055498025
145,21.140792836847545,19.73718940059045,19.46217522822932,18.13496680725137,17.21486069954998,16.00577994952828,1.4163814648307516,1.4215330898439078,1.3031891881790951,1.3050680757322513,1.1524991533279514,1.151397714579317
146,21.189049092735164,19.786304949012703,19.50738832869918,18.18023190395868,17.259127086779454,16.049305147643043,1.4195374304410044,1.425092371939235,1.306143901479694,1.3083247965150289,1.1554409215363066,1.1545605263649144
147,21.240253387524994,19.836809974771977,19.55121607795198,18.223661313948963,17.294961308305204,16.08470405859903,1.4227917666540375,1.428604062884161,1.3089280261982636,1.3113492243391296,1.157710571136299,1.157014933537685
148,21.32815291608108,19.924178987507453,19.632097716095966,18.304315239174606,17.366072669247007,16.155449564235365,1.4287700941023844,1.435135093212189,1.3143127109951196,1.3172571093252594,1.162356406491128,1.1620949955858455
149,21.429205708340906,20.02233196383308,19.720653054013624,18.390713734537474,17.437299638560884,16.225405325443965,1.4350294791875209,1.4417389723662564,1.3197066262124133,1.3229829541079468,1.166618068833828,1.166663294628055
150,21.505534558384245,20.09573081932063,19.791081093225184,18.45895286475865,17.497566055605343,16.284296287474433,1.4395741940250864,1.44645078878434,1.323937337081052,1.327424977892152,1.1702106693849326,1.1704853641560524
151,21.59286834380284,20.18001519482716,19.870293369144694,18.535908084633373,17.564910846871403,16.350299983653436,1.4433171073743107,1.45026593753623,1.327371439447475,1.330981700939347,1.1732166147004957,1.1736647566711065
152,21.690074726420352,20.27159249953438,19.956085896987183,18.61698524240112,17.63717048383976,16.41897567734835,1.4489295453671982,1.455876657795533,1.3323502709254462,1.3359879667567278,1.1774695857584452,1.177987370854457
153,21.80459531515346,20.38228873925464,20.056176817783506,18.71472515049842,17.718741225841722,16.500253192546857,1.4565769865018563,1.4639220145380778,1.3390540150095347,1.343144797738816,1.1828762180828254,1.183926326034393
154,21.92183709824613,20.494869788884177,20.15768726713816,18.81205456146148,17.80075518129019,16.579028445435856,1.463453249151492,1.4710287682665646,1.34499929612998,1.34927361871501,1.1876735588624043,1.1888858451307573
155,22.12244138625273,20.69022631874307,20.341135778793515,18.988445056620247,17.956877481421547,16.727205265607726,1.4759149480895646,1.4842343987799325,1.3566610738045308,1.3614101396701286,1.1979014186792258,1.1993490392190878
156,22.278540234221143,20.843059663910186,20.48429208157738,19.12712162353968,18.07807847874746,16.843562783312915,1.4863668007738506,1.4954226202092231,1.366021108701618,1.3712702470846994,1.2056599486275046,1.2074062629629814
157,22.521740826258497,21.082835902571148,20.702109705527786,19.34118361373697,18.268862639091708,17.02933005638976,1.501982317985192,1.5122785096490532,1.3800798095907405,1.3863772281697702,1.2183119516946086,1.22083510687062
158,22.80642478259916,21.366962740228345,20.94589107836521,19.58374178630237,18.46559255477748,17.224194544199616,1.520903654784052,1.5330565271169947,1.3961756066767363,1.403976704529952,1.2310374135457578,1.2346585787090714
159,23.06227819583905,21.617348641698086,21.174456171998365,19.80786552521769,18.656276297505496,17.411558797962076,1.536722016074396,1.5499167502255222,1.410680011649872,1.4194940022991864,1.2433322472284285,1.2478568246612194
160,23.45182890092336,21.9524000610738,21.517058747356224,20.09736326033916,18.937505885685084,17.641490683549428,1.5615148658143592,1.5717454179408117,1.4328482321313394,1.438575280166715,1.2619148788127832,1.2631750436510751
161,23.764153784168386,22.24204219940664,21.79393221562633,20.350265947889152,19.174653838260085,17.851772279126354,1.5814359797454447,1.5913948751631637,1.4505301440315534,1.4556384650989893,1.27728669657719,1.2774159232469855
162,23.987552530617684,22.45286695751137,22.00224389427981,20.542342045607533,19.3619396049591,18.01467214013639,1.596426105552374,1.6066196940332496,1.4644771614644128,1.4693631964401432,1.2899739474556826,1.2889668620713481
163,24.16889579932242,22.62203949207484,22.16977905636381,20.69690761516042,19.514654894673097,18.150246489344653,1.6080113008591177,1.618148882463767,1.475119860981942,1.4797832624080316,1.2996875512540318,1.297969779536274
164,24.52900457371465,22.95380430030663,22.49837200639748,20.99995196233031,19.802409381504425,18.41734023416449,1.6316832884947408,1.6413808860570025,1.496609040543131,1.5008901456749169,1.3184944695982446,1.3166021261197658
165,24.874863930264134,23.2669155628828,22.79417634659056,21.268504270017505,20.03329005400307,18.627691212092085,1.6547850978879028,1.6635923943429651,1.5162707541964482,1.519851316450565,1.3337055338439754,1.3313223167980117
166,25.23208546855465,23.580614128234267,23.107128666733765,21.544927275414057,20.2928212634166,18.85729812610009,1.6802311974449828,1.6874010945348494,1.5384187381071606,1.5406966377349904,1.3519630065979136,1.3485230153484797
167,25.45375645042606,23.77349932694074,23.33712475806949,21.74099050019115,20.51944108715547,19.046810182674623,1.69605537070313,1.702070467282364,1.5548466313281533,1.5555649457578735,1.368110842895215,1.3628034617383975
168,25.71617909704573,23.99577945507601,23.57641909347271,21.942893378215786,20.724534178885843,19.21874591564324,1.714526267462228,1.7186434477042405,1.5716746369341053,1.5705920843839591,1.3825579377155854,1.3756119905828508
169,25.8925567664417,24.15709247846288,23.7502480364938,22.09963335656349,20.8878544674446,19.364978738360968,1.7251403677458232,1.7288737066245443,1.5823417488040374,1.5807053343350088,1.3926546783848066,1.3851058023174536
170,26.05611760047071,24.29477058443499,23.90572643341517,22.230601700463787,21.03401241995573,19.48951978145026,1.7357971300825448,1.738233107813345,1.592591853437425,1.5897403899879854,1.402385079077429,1.3938233901217751
171,26.24654145524405,24.47505537019371,24.08522378217568,22.39900506367541,21.19274078238632,19.636435180064773,1.7491328867744769,1.7518397561213928,1.6050851256013403,1.6023522458661463,1.4133240298093792,1.4046882899092392
172,26.49779362173572,24.66179209910384,24.308717921076248,22.561803977580134,21.37935064486329,19.771453536687616,1.767223391871204,1.766010554198178,1.6211195145964985,1.6146158651542737,1.4266039122223086,1.4147334622984205
173,26.734099849412623,24.87039541940712,24.512637729450034,22.741512024483693,21.54357527855857,19.915838885006064,1.7841244718351994,1.7819995593404276,1.6356660353727766,1.6283462729349172,1.4381722098617615,1.4256033604717073
174,26.908682746340272,25.0225589605063,24.67415255531835,22.878284797486074,21.680408916717635,20.026940851124422,1.7965683157208066,1.7935981255806257,1.6471959940432692,1.6387566583040225,1.447947724312132,1.4340267282259958
175,27.04033826885888,25.14062843308106,24.79645670638841,22.98725490504009,21.789590523188576,20.123469309382724,1.8056602568755125,1.802312506940928,1.6556593320487565,1.64681082022929,1.4555218884643768,1.4411742348716772
176,27.120137607450104,25.212286081012337,24.88005245928674,23.06215377530173,21.875074639056805,20.19610628964689,1.811220967253848,1.8076581784912933,1.661508061348009,1.652422250382286,1.4615733388824914,1.4466594607162104
177,27.262322128359948,25.33474418650662,25.010890366616003,23.17499409404845,21.9865911519116,20.29207567024157,1.820856266484664,1.8164564204674367,1.6703709073644784,1.6605273831509513,1.4690924832778007,1.453512681350316
178,27.35973877065196,25.42401512601977,25.104659734396183,23.25998596555044,22.07093866777688,20.368273214742945,1.8274686236583968,1.8229426377448248,1.6767576290894586,1.666717407701249,1.4748603710687556,1.4590846214159887
179,27.501688753055017,25.548151955754587,25.231717702353244,23.371487414660145,22.1756987042002,20.46159170320309,1.837242859584963,1.832060386506092,1.685498415971278,1.6749015987515596,1.482024918028706,1.4658999037474323
180,27.626283218861897,25.65542302710199,25.342583007221023,23.46635294276823,22.27635826521072,20.5457269754548,1.8459722575801585,1.840093270962012,1.6932325142899496,1.681965799120002,1.4890479356258493,1.4721528667141024
181,27.710006343922554,25.727892189835,25.430224258550737,23.5412531370334,22.359814215911545,20.617203262358665,1.851846767628897,1.84553487636328,1.699380090373629,1.6875827565813115,1.49488249638884,1.4774929059327313
182,27.76506666785203,25.7775110545524,25.4849184398758,23.58999452444374,22.412265778005462,20.664046975408947,1.8556557272389804,1.8492133544308256,1.7031725516436966,1.6912025299457822,1.498509577091328,1.4809616694894785
183,27.843648198314764,25.84547470312869,25.559571172697467,23.65460834930863,22.4830633639189,20.72483486093484,1.861228749578126,1.854384436773962,1.7084644946411007,1.696116258145692,1.5035371292568478,1.4855922373261599
184,28.021761279115857,25.99926519291332,25.71880271837033,23.79220686022827,22.61273291567696,20.837320762731064,1.8734044597828423,1.865593987975268,1.7193007307317798,1.7060937046443914,1.5122791067974082,1.4936627275642869
185,28.348122934303262,26.28983022005696,26.002655631267192,24.046906165314724,22.833744658226863,21.039694529798457,1.896329289362848,1.8874926242838703,1.7392286416835037,1.725286217658641,1.527758979264875,1.5088911354885486
186,28.65225962320526,26.57375317643235,26.2713630699092,24.29548639036492,23.04348762975287,21.2345927599516,1.917689181810189,1.908944613019686,1.7581168604535211,1.7440752978868923,1.542480239041652,1.5236026944316476
187,28.86993310210301,26.78131627125366,26.48102881456426,24.492875838532747,23.239520950504563,21.41605742587759,1.9328510803708348,1.9245133283247853,1.7727664228372415,1.7589159966155636,1.5562283703831916,1.5372847309551707
188,29.02676182760456,26.936340339384905,26.63435042126783,24.64299415064488,23.39148943378192,21.56176709066476,1.9435037794029584,1.935882338609734,1.783264561324884,1.7700047327318058,1.566776968606434,1.5481806908319196
189,29.15754528650689,27.062488058685968,26.751903436284053,24.75571263868466,23.497970626286893,21.662966150183752,1.952564747684663,1.945304365379092,1.7913649059876804,1.7783715458380962,1.574101179641693,1.555671573081317
190,29.259790437396823,27.16477569539916,26.847142260581656,24.850377863307106,23.582606481401854,21.746439055648704,1.959499967283528,1.952815910183308,1.7978595411103917,1.785355216491464,1.579926744331079,1.5618822194437396
191,29.333887058106388,27.236563701061414,26.913986885192127,24.91546095051856,23.63910279624145,21.80165494018812,1.9643075778684616,1.9578325909418848,1.802251881479884,1.7899676522699013,1.583698292146818,1.565862173532274
192,29.448918696068663,27.331175226168835,27.023932728677728,25.00600326703851,23.74286380832241,21.88777924151056,1.972539696942043,1.9650328334397724,1.810070575727117,1.7968055259955085,1.5910545161548078,1.5723479930943156
193,29.65353957976206,27.52215290013823,27.21019639120689,25.17944775648,23.90203984239914,22.035026461323696,1.987115055923108,1.9796880501522145,1.8233428350797949,1.810116539748647,1.6024378914140631,1.5836844503577103
194,29.792948076931392,27.652057240306643,27.33720105255196,25.29698690833075,24.011350741775694,22.134221206338108,1.9968545999627696,1.989447904318561,1.8322620515600807,1.818988366496364,1.610151271375384,1.5911896510889318
195,29.91816892330269,27.769501136157253,27.447469349585603,25.40020462819178,24.10513704681891,22.220158933965863,2.0056487214466907,1.9983306048121527,1.839958870735274,1.826741444416128,1.6166390418315184,1.5975587788585153
196,30.03611156142924,27.874952070527744,27.554524125417423,25.497905048161947,24.191729268961325,22.3013251281918,2.0138512445041696,2.0061589319377284,1.8474420770961808,1.8340613826181804,1.6227026463925591,1.6036779613169627
197,30.280256805228987,28.1041350409552,27.77388176302166,25.705021333247387,24.37261007497085,22.473025247338565,2.031295407170057,2.023819379810916,1.863167796525136,1.8500909052688488,1.6357216480122312,1.617031707135241
198,30.41966072177948,28.231971995843608,27.90763925339216,25.8297498494498,24.493234102229263,22.586929717959684,2.0412470035401005,2.033629077958824,1.8726528324878176,1.859615826779832,1.6442677476576195,1.6257379627802222
199,30.752008936824296,28.53604490596273,28.224768161654207,26.121383529569872,24.79305873733956,22.864556847035097,2.06482836265952,2.0567936150003403,1.895184917761548,1.881884424920086,1.6656973007357003,1.647098478695777
200,30.96159475661861,28.74033089691269,28.41912463270578,26.31187451708699,24.975697397939697,23.044222382444936,2.079370010931296,2.072162101831371,1.9087647582946456,1.8963332976918723,1.6786540901618872,1.6609482490080152
201,31.187326590154463,28.95198594101831,28.618725162802736,26.49994906911116,25.14553602658328,23.20653257137132,2.095664912900957,2.088657029662619,1.9231534011577969,1.9109799980822133,1.6908530196006368,1.6735680641221666
202,31.485691850612,29.232321284025844,28.875891792414468,26.74624636828291,25.351134734528628,23.40735607955568,2.1165872816548736,2.1098376626102286,1.9409498008770592,1.929396083071474,1.7048587543358678,1.6883999113202621
203,31.765551250823226,29.49433090069888,29.13119995085524,26.9851585620342,25.56832183093597,23.61035178732777,2.136691331990113,2.1301421695317493,1.959271213762339,1.94788855062874,1.7204276245502494,1.7040909021973887
204,31.99102703199655,29.710567368374218,29.34098510894116,27.185702989940005,25.753629879385965,23.78990011598936,2.151378564726701,2.1453142153791505,1.9730630045906217,1.962085255150884,1.732819477888972,1.717073016393356
205,32.17723820529716,29.88830548256298,29.508930003912585,27.34566620572525,25.90514948046772,23.93279615212296,2.164255213004336,2.1585843057378664,1.9845602379841687,1.973896601090852,1.7432463906399378,1.7276611198277398
206,32.36286502011195,30.07505850999086,29.66764011148524,27.506821054956475,26.03725378416469,24.068145839679488,2.1774231860655044,2.173032196731392,1.995603263004227,1.986147242459428,1.752094639775631,1.737592057964881
207,32.54050337363102,30.244397699201684,29.81866868787114,27.651279974063065,26.15800205675706,24.184498477145,2.190282650937004,2.186298430164429,2.006466978892427,1.9973938141404648,1.760573881758983,1.7464351771891935
208,32.71538117217186,30.41733454598096,29.97054538668179,27.8016457289206,26.281597198728267,24.30648104160532,2.201475016658428,2.1983131498602653,2.016077379356734,2.0077241397287464,1.7682866166082882,1.754690168900637
209,32.914468050620634,30.61854661240537,30.14911529360208,27.982231951840603,26.435677247521323,24.46170446212249,2.214996779156832,2.2132435092175533,2.028198223936853,2.021117720195356,1.77873918289485,1.7661867327582086
210,33.049363649162025,30.752156833575395,30.272860540825988,28.10510499473117,26.546537724063555,24.57119726385613,2.223968336378837,2.222906022864147,2.036479513186661,2.0300649571902816,1.7862028474087688,1.7741982135384162
211,33.287763164337406,30.94757821939395,30.48258309876675,28.277603847682112,26.712821621208167,24.71145424677844,2.24133676008151,2.2379887330626844,2.05176403771824,2.0433913149669776,1.7982626485069633,1.7850115211964626
212,33.58490630333197,31.23353073698357,30.744436439670466,28.52934401867693,26.926903049605333,24.91738744212716,2.2616593884912,2.259131966561445,2.0696652893477703,2.0619925888912585,1.812947675374668,1.8002842224003603
213,33.82353835357572,31.460207778395635,30.9549369413021,28.72880084294621,27.1009369124856,25.0812145865276,2.2784621640006866,2.2763705510934447,2.084368217358102,2.077025154853228,1.82501821052293,1.8125235155622221
214,34.09447159323828,31.729106775062537,31.1934522265129,28.964649129768805,27.303181526470706,25.280078717304853,2.297520038002092,2.296973676440075,2.101020940234565,2.09494795878602,1.838913060584908,1.8273743649042995
215,34.34398658305091,31.976635783754315,31.420526885550885,29.18891814385833,27.498924698866773,25.469261593344573,2.315091434321093,2.3159517124779847,2.116928037763529,2.1120370391191456,1.852579676141649,1.8416808797055693
216,34.51682104836358,32.14837485379393,31.58074953244335,29.348153352400075,27.640590468224023,25.610332154109244,2.3271578633152945,2.3290020692354103,2.1281452027989225,2.124171585010415,1.8625269180374424,1.8524666519246633
217,34.77291934292968,32.385399952313286,31.81437965654733,29.565208371052453,27.83942273839176,25.79500315375189,2.344868430043367,2.346590771657481,2.144105490129946,2.140077136959722,1.8759204202055204,1.8657912529966965
218,34.98124147806956,32.574455908481006,31.998845474463284,29.73389654536029,27.994495727541707,25.937847470802048,2.3597787003964394,2.36111376371837,2.1571426216408573,2.152870821518131,1.8866772201323947,1.8764170869526138
219,35.16578934069782,32.738331834057625,32.16408413889966,29.88143849287312,28.13658778479459,26.066015343721016,2.3733127584598863,2.3740141516184274,2.169127716376529,2.1643486733780777,1.896723976729476,1.8861192055648857
220,35.34487324498685,32.90518050858172,32.318020267012514,30.023325854209148,28.25825560444329,26.17755703487545,2.386187826925904,2.386945337225961,2.180173006305509,2.1753049929489645,1.905351676277112,1.8946142375672115
221,35.517189873537056,33.07186890897728,32.46899846352892,30.168758789590385,28.381313759891768,26.29561656425239,2.3976364364515685,2.3989040729576097,2.190205176839876,2.1857303664568306,1.913513996078667,1.9030535925706662
222,35.647088193778444,33.197289757915264,32.58339128120518,30.27868503844106,28.47713042181232,26.385679327215325,2.406349678874644,2.407985930960532,2.1978263779718583,2.193626159368253,1.9198495676111456,1.9094396773462368
223,35.780098623705044,33.323434101867456,32.69624865729211,30.38557902733065,28.56661475259799,26.470646741243726,2.4154426666973032,2.417271480239737,2.205459859403984,2.2014041125459785,1.9258212079546653,1.915537313783845
224,35.91532773471332,33.45512449521316,32.81864264084575,30.503541822552616,28.669680150419367,26.56888896643062,2.425185990746196,2.427548454381032,2.2142164064554044,2.210532530878329,1.9331341990364592,1.9230642048522375
225,36.07136491304158,33.613367138776766,32.95359530749047,30.638804378575703,28.779130782997463,26.675800324584245,2.436487889575497,2.4400054857395777,2.2239376310777392,2.221111535905521,1.9409395691401128,1.9313197623872225
226,36.227548121457,33.76366424110029,33.08700692131685,30.76536689666932,28.88595337256407,26.77485659267028,2.447872627967344,2.451861446302391,2.233642875815089,2.2310616254590125,1.9486406891682104,1.939015398575364
227,36.41133109746637,33.944853538533486,33.238023963652594,30.91343404958661,28.996354737418088,26.88170412374301,2.461062819174921,2.465960095260556,2.2444632750354594,2.2425567866094496,1.9565381288847647,1.9472852214459895
228,36.57968240556831,34.10426667982584,33.37912517798069,31.04650532716824,29.10155915436925,26.979546721920933,2.473321385849373,2.478504903481174,2.254728281435193,2.253014399072477,1.9641907580533824,1.9549627250620871
229,36.74856988459972,34.276021866243845,33.524574361934285,31.19480630309836,29.215617768435138,27.09688069314412,2.485681633614332,2.492193169392487,2.2653518097927843,2.264813073302156,1.972486682079301,1.9642677127585264
230,36.88239717843397,34.409525379557074,33.645797702953686,31.315150678277853,29.31437888486204,27.19402270107713,2.4953004542919284,2.502628116911013,2.2740818132996297,2.274232412912264,1.9795860108054504,1.9718481489068673
231,36.96113372090388,34.48719843432092,33.72595294974009,31.39401171065594,29.393436635657352,27.270785394278786,2.5009658646643294,2.5086995494046604,2.279891216100664,2.280440202800616,1.9853745210391267,1.9779448941116742
232,37.02668787720568,34.54882520673053,33.789838162401026,31.454718161981884,29.45618180426005,27.3313508749449,2.5056714587820137,2.513474050678059,2.2844803383115555,2.285154218596677,1.989906302698904,1.9826849906380235
233,37.09233084569229,34.60864330433376,33.8502524993954,31.51037005687982,29.51277670529731,27.384452631308964,2.510228601937061,2.5179185944144624,2.288655055152184,2.289276680011457,1.9938530265501768,1.9866718675901716
234,37.15238413935563,34.66584945952884,33.90390243061055,31.56113309536274,29.55842181872898,27.4274650631488,2.514376146288196,2.522181444358316,2.292356132820553,2.29304994148457,1.9970138398907984,1.9898794965199738
235,37.19997059737092,34.71232505580573,33.94571148561208,31.601469757023136,29.59377848104033,27.461211143001847,2.517534312050236,2.5255211925203684,2.295142625786463,2.2959529863316472,1.9993842119082328,1.9923172697780331
236,37.28447134470616,34.79558357708665,34.02166004940557,31.67615378292903,29.65906105079155,27.524938142782013,2.5232805555969566,2.5316659071675183,2.300357515726512,2.3015173572736085,2.003953939968064,1.9971536527559342
237,37.33484861476129,34.8451074742196,34.06810997986727,31.72196636260957,29.69936961444141,27.564502430099257,2.5265794713655514,2.535180946174712,2.3034451705807752,2.3048215568336228,2.0066927409923005,2.000068706936872
238,37.40237623226925,34.91214496519462,34.13009758385361,31.78363440724757,29.75520867942066,27.62020631604772,2.531316056751236,2.5402928015745814,2.307809838604311,2.3095436990398626,2.010663562521952,2.004378486668494
239,37.7745768602328,35.28205499468339,34.484823217679875,32.136164301672714,30.08099233482302,27.943833241278725,2.557886670552139,2.569026157436676,2.3331600691164978,2.3369564073875733,2.033977325907104,2.029576790763999
240,37.96021616650231,35.4661356220561,34.66990373637507,32.31971447430009,30.26419957810634,28.12552285223065,2.571168397323835,2.58335658597616,2.3463501811750835,2.35118954784966,2.047023281572795,2.043653999945881
241,38.16818387295897,35.656625095487115,34.874022425380204,32.507145324204494,30.472624089506034,28.31880051740237,2.5854314451930285,2.597331711888629,2.360394518733234,2.3649971188093084,2.061507181130964,2.058078382538772
242,38.30300533979221,35.78020280089937,34.99756292182355,32.62056565868955,30.597900429345486,28.43587062454988,2.594830763615172,2.606565094905552,2.36898219574159,2.3734469114403933,2.070245610381105,2.066864589180741
243,38.45311178252945,35.92611251209985,35.12883528865327,32.74981799647606,30.706415187295608,28.544320479368253,2.604707276981568,2.6169545819049,2.377544404884579,2.382599954940941,2.0772863596904267,2.0745353291927926
244,38.62001780446194,36.0877010244127,35.274224806631075,32.89168567934903,30.821769865700347,28.658318125662376,2.6166673243949656,2.629516280253141,2.3878513311124623,2.3935214571836,2.085322813706373,2.083176803964098
245,38.88022512554901,36.33778251815198,35.50513650468944,33.11441709210367,31.015962839450232,28.84685725969253,2.635631897724481,2.649285563981129,2.4045618874037222,2.411008657094949,2.0991862757077,2.097787756751653
246,39.16352015518387,36.5862109867633,35.764382958253506,33.34148627638554,31.239352983643244,29.04155957964573,2.657136321915115,2.66957122512251,2.42418235256298,2.429483809406932,2.1160033738787662,2.1135221257152907
247,39.330326098344266,36.73800271817196,35.9499965228909,33.510830546056006,31.441995393370814,29.22932054243717,2.66968853497931,2.681899740326141,2.438235101585456,2.443335136084235,2.1313929756807144,2.128957658303607
248,39.45369071294342,36.85367909928088,36.08336697735548,33.63334155704516,31.59609641761486,29.36680082649741,2.678614980978832,2.6909377998516897,2.4480403381198905,2.45304508302646,2.142931710073796,2.140037540893136
249,39.52967711962485,36.92552758739671,36.15971060717478,33.70445411956629,31.68999582571328,29.450629957497306,2.683976047579492,2.696408707380675,2.453477158284639,2.458500306554045,2.1498708424457,2.1466951747573395
250,39.57469402588743,36.96962068122897,36.2042928124057,33.74819495613404,31.733514065044364,29.49338975942928,2.6870670324205075,2.699693366599904,2.456489294771591,2.46170643729919,2.152749507632836,2.1497633191609262
251,39.62593397987971,37.0187947507314,36.25128957183017,33.793282653667205,31.77445061312754,29.532968759423444,2.690370186119176,2.703106666637271,2.459507725811969,2.4648236242469164,2.15540329040945,2.152532525333601
252,39.86046066380764,37.23526289142649,36.47376729207668,33.998346032374755,31.978127146226186,29.720533028957234,2.707035953009735,2.719647874839993,2.4753760537187057,2.4805537406002536,2.170011550610862,2.1670063728711613
253,39.99150295395667,37.358956080209126,36.60199369042165,34.11874330788033,32.101186777585106,29.83535356023758,2.7163320099444515,2.7291178481686904,2.4845036312295723,2.489797266388736,2.178841073670159,2.1758885675692814
254,40.1010319444056,37.465761042049664,36.70996377717807,34.22298815695332,32.2096609596009,29.93873743361004,2.7241978970748453,2.737444269908208,2.492248342106199,2.4979019562687905,2.186624845599377,2.183913507177124
255,40.23035092886433,37.58393844938514,36.82646306537353,34.32900547899409,32.31809346527328,30.0386763997198,2.733005391815272,2.746043159484988,2.5001510763920822,2.505574190048052,2.193977087133285,2.1911637026279607
256,40.34337681296765,37.68901319228659,36.92651503276849,34.42169930435953,32.39991039053275,30.113744132525994,2.741210331546397,2.754270698532266,2.5073283514985865,2.512735259987404,2.1997592423638483,2.196859471315083
257,40.50671659964809,37.84525378795348,37.07513693098734,34.56445129350004,32.52850863719107,30.236604901085705,2.7530443179350934,2.766525531866548,2.5180025918604487,2.5238365409669945,2.208848502992752,2.2062466453138527
258,40.68827171222048,38.01647059971252,37.23249513659969,34.71304899528841,32.65293676295413,30.35406282377872,2.7659780302550656,2.779688593753855,2.529189619641944,2.5352380025561474,2.217604499297168,2.215160458008126
259,40.85155907739093,38.17315611772386,37.37602957135058,34.851281054746295,32.764478785996744,30.46186311767272,2.7770961307364384,2.791204848202055,2.538992130545747,2.545437228906746,2.2252464619681964,2.2231462403927225
260,40.97217526960242,38.28797839689148,37.492055149675984,34.961581543651086,32.87045353742052,30.562650709402167,2.7854477091980594,2.7997807485135424,2.547065332267872,2.553716401577466,2.2326829901855887,2.230780105993191
261,41.05879088126001,38.368918000165166,37.57348584672964,35.038077581379966,32.94437488680191,30.632677688665105,2.7910588616309884,2.8053863153036813,2.5524265805346773,2.559114988794556,2.2376694306406724,2.2358620128902107
262,41.12111384462582,38.428548192521255,37.63396163042633,35.09570437274263,33.00340439678968,30.689380755011094,2.7951524717209457,2.809601953737836,2.556418167430324,2.563206119152462,2.2416261371755914,2.2399607465740017
263,41.22904122704065,38.53576639355633,37.73429243874981,35.19463285104537,33.09074894955545,30.774287597212293,2.802333515551293,2.817343287805359,2.563121163643059,2.570368005651244,2.247493247549705,2.2461247473439276
264,41.45544225180979,38.73641220682697,37.94439359088732,35.37912368550928,33.278679389560416,30.9374718149768,2.819026744332151,2.8332598063527583,2.578595310730694,2.5849733302652123,2.261322855997944,2.2590185945645063
265,41.60619909998523,38.874834372986,38.082319494389886,35.504707681260754,33.40176292634469,31.04766677259658,2.829719583295633,2.84381252006083,2.588380206623057,2.594540053551426,2.270073802035823,2.267416537949188
266,41.79827858984563,39.0555660147844,38.25307318861729,35.665513243647816,33.54878135443012,31.186837054167547,2.843694579517776,2.858010415277118,2.600773004314611,2.607140359891273,2.280705931264205,2.278285151344542
267,41.98561376175993,39.23191810809429,38.41577868961089,35.81920263744384,33.6843097167004,31.31506654884249,2.857421381766294,2.871970120646998,2.612658491424188,2.619269481679316,2.2906019470916386,2.288401796755453
268,42.1260630075916,39.363257413718856,38.54305660654978,35.93785119008834,33.79330106917217,31.416140948568103,2.86757318803228,2.882210240487036,2.621836956826886,2.628494401382945,2.298424260639343,2.2962159068259154
269,42.26060517841036,39.493744836428704,38.66288965774788,36.05323524956311,33.8951156530723,31.51309094806152,2.876244286903134,2.89127242864116,2.629483280104382,2.636411567258528,2.3048494379624693,2.302773230994659
270,42.364331257626674,39.593522081388485,38.75671562908363,36.14297824800195,33.97598483447961,31.58925471907662,2.883417305849132,2.8987173277186065,2.6358599355622783,2.6429816125121297,2.31024646648237,2.3082285094294854
271,42.45233245113317,39.679664736820285,38.83921974251891,36.22455403810022,34.04763511211247,31.66115749183581,2.889184744028084,2.904813812520031,2.6412581274663043,2.6487560857412102,2.3149099610490467,2.3133058554855777
272,42.516780331494274,39.742119076192616,38.89989925639557,36.28357000899507,34.10328771100715,31.71573887850136,2.8929641043902032,2.908743160936586,2.644859714621301,2.6525204467362467,2.318234718657912,2.3168198896527192
273,42.61592904525685,39.84014774074805,38.98986596574485,36.37231101293086,34.17855687996011,31.79029529689052,2.899174041309581,2.915379793115105,2.6505759437277234,2.65861312448331,2.3231063435516672,2.322040174613661
274,42.87859913869178,40.08129758673036,39.23032491932832,36.59165398366171,34.38362155425018,31.97526125430773,2.917355981419488,2.9332808383086904,2.667234233950253,2.6748963109445203,2.337363670209397,2.3358059504031106
275,43.108477894597264,40.29923610531329,39.43372848659113,36.78360311168668,34.55602160891641,32.13711666558259,2.933100622265191,2.9493450906172805,2.681154279460096,2.6890235063340366,2.349167429498035,2.34771552440465
276,43.30026257644917,40.47417929059639,39.6078462210472,36.94284331019679,34.702779321145584,32.271936377165176,2.9465781436144023,2.962540700316663,2.693312429555184,2.7009537526735743,2.3593166489461974,2.3577148066593936
277,43.5009407468154,40.65764586740361,39.78279712706948,37.1029285428904,34.849168011532896,32.40601476836061,2.9603902561340822,2.9760693245290746,2.705342051053183,2.712746859818212,2.369384455695298,2.36759557791122
278,43.66810040685623,40.81229378071836,39.931474687174784,37.24032895821014,34.97357980363205,32.52143725361853,2.972216085114208,2.9878381071668807,2.715724813442102,2.7230552422472334,2.377946051956682,2.376121578992895
279,43.79113081612859,40.93000078304886,40.04870442696128,37.352395582923656,35.07795699932086,32.62158212510387,2.980761597866554,2.996652661367676,2.723838014268879,2.731414760551436,2.385096872758341,2.3835160806467095
280,43.88842779883531,41.02126625112483,40.13999416693429,37.43821136650034,35.161983471697006,32.70182554654186,2.9873105819556938,3.003244984759521,2.729932958791265,2.737561700788551,2.390580786948961,2.389142432780644
281,44.174535519063554,41.25593470265366,40.40570541206199,37.65417673535007,35.40000102891787,32.893282974068725,3.007885606450269,3.021232342047783,2.7491236999581847,2.7541906937430496,2.4078892803078515,2.4039984859923957
282,44.32985377166524,41.390536697565416,40.5578887759774,37.78380039030946,35.54386141682072,33.01171098020639,3.018985904672728,3.03152184874365,2.7600477570356867,2.7641336421298166,2.418319037471427,2.413163216332241
283,44.46288805827332,41.51527743403852,40.69136751581532,37.90454396964017,35.68583679750476,33.133584430614626,3.0285058101241265,3.041145728083562,2.769653134405271,2.7734741809476224,2.4286265629501216,2.4226416726425613
284,44.642036005139175,41.69293095378485,40.85551694847933,38.065573647279024,35.84630469294774,33.28532998246692,3.0407320604707526,3.054281197405218,2.7808659506747744,2.7853726641792496,2.439741829896555,2.4339597321096864
285,44.84100702976132,41.88762667015608,41.03060083747651,38.23649113640527,35.989889807166115,33.42506869667067,3.053311359708147,3.067563507080133,2.791927361055973,2.797017789393874,2.4487781801051107,2.4434354451127183
286,45.04510032824057,42.07392715102631,41.21513808399739,38.404505117805854,36.14838401709358,33.56928503734847,3.0672516231942235,3.081176083620901,2.8045041635007806,2.809258934325739,2.4596030151517216,2.453966608298575
287,45.23089101989542,42.23613263237027,41.37985949119677,38.54952107859995,36.28385827907874,33.69005272250607,3.080272544681836,3.093295252377124,2.815999008874868,2.8200529205821816,2.4689605476756524,2.4628675279505647
288,45.41179228873787,42.414061124350894,41.53594250294585,38.705921510096594,36.411673963736206,33.82116479028057,3.0928570444680936,3.1067021877535392,2.826880438795035,2.8318926852616126,2.477847535292913,2.472797183798661
289,45.58898843738282,42.58041276866259,41.6989170627151,38.85866542024522,36.55325276060746,33.95326550523011,3.103816420092025,3.1176709774381086,2.837078445889805,2.842087417999256,2.486838107559603,2.481745633081443
290,45.78908854103848,42.77611012414315,41.88098737400964,39.03786864664178,36.70657509596474,34.107524363877054,3.116278150768637,3.130826246889581,2.8485575842816373,2.854307553329593,2.4966539470565525,2.4924866117045235
291,45.94537105845061,42.92858188677078,42.02179433170609,39.17514878005703,36.827991147175126,34.22687929859532,3.125687268171206,3.140719787124119,2.8571962706701632,2.8633885472533525,2.504262846168046,2.5005754323020857
292,46.13086269715859,43.10903675139278,42.18602828188814,39.33500140020031,36.96677828287445,34.36164544459456,3.137762982661106,3.1534033065714886,2.867770008722437,2.8744969945362087,2.51296738879527,2.5096843402389064
293,46.45360767591623,43.41190892709426,42.47666791198347,39.60809243492959,37.21614607131521,34.596863526414374,3.1585561642893447,3.1742748756423445,2.8864277767640303,2.8932493632850127,2.5289076230057628,2.525777457860141
294,46.67375257327623,43.62514812139443,42.68384361178857,39.81197039612742,37.40115204396968,34.782313338148434,3.1731010852456016,3.1894635480181144,2.9000322923788504,2.907722426462233,2.5409668887131014,2.5388903481149736
295,46.9478411996797,43.89478664638303,42.937638204124255,40.06059871771509,37.6303918802284,35.005746235636025,3.1907222131410995,3.208187318223156,2.916202480941521,2.924813441339693,2.5553609136502367,2.5540024789682603
296,47.132320481457086,44.07526987497682,43.10823916513392,40.22707392330023,37.78961655773219,35.161158820602644,3.2025636447142074,3.2206893681421978,2.92717154078194,2.9363584387167343,2.565486924431152,2.5646594021857605
297,47.30824899364038,44.237352503419785,43.26710577928838,40.37306730353458,37.92889826193617,35.28986074989727,3.214353974062385,3.232305462624242,2.937811055697469,2.9468085225772107,2.574790159163399,2.573854038951099
298,47.44328562190436,44.36413609690465,43.395936210431614,40.49299701771452,38.04526762866895,35.397164149002535,3.222544491542868,3.2404904446115874,2.9456397532579883,2.9545458199935872,2.581921695465183,2.580820813326981
299,47.58822039439771,44.50309860541475,43.52699901632514,40.61803792239539,38.15749275954265,35.50371130741965,3.2317796575560043,3.2500062639683027,2.9540331766413863,2.963143177256447,2.589184154493579,2.588219516615739
300,47.696412236864354,44.60851568186812,43.62376211037549,40.71207986863426,38.24167498502413,35.58464084097771,3.238504023209097,3.257074578285676,2.960033414190669,2.9694289216637384,2.594425799265468,2.593634344911212
301,47.91371474419214,44.82174374353481,43.82224602515126,40.90771133199393,38.41376775585032,35.75459087152041,3.251968426923504,3.271372059813972,2.972305282719142,2.982536458421474,2.6050584481038976,2.605020100316339
302,48.040897826175616,44.94548200706945,43.94430978764244,41.02662660598192,38.526331852857496,35.86454851900874,3.2599634451142263,3.2797751480060686,2.9798897159755056,2.9905187226774768,2.612009514568196,2.612360809126247
303,48.21353090124891,45.1174081590755,44.10030465021529,41.1820140146597,38.65791119211841,35.99565838024228,3.270873705819444,3.291612867669069,2.989576188486889,3.001030465230911,2.6198331297585544,2.6208529112432366
304,48.38514404182888,45.27710933106958,44.25849125086007,41.32846166452924,38.79239832849707,36.118700975818726,3.280777700895954,3.301331911513482,2.9986477511243512,3.009856346415758,2.6275128138234507,2.6281858326333687
305,48.5325698600378,45.41872064987311,44.39140796417791,41.45566130701558,38.90690661346075,36.22779433003711,3.289570350860162,3.310400435370874,3.006520772464077,3.0179290393078766,2.634209856657472,2.6350015717206587
306,48.63577103263599,45.519581734942285,44.48473706915072,41.54653260485166,38.98813895496019,36.30639577395932,3.2959860565835046,3.317195641182193,3.012309993514392,3.024028430574982,2.639207887445696,2.6402199346158906
307,48.78517933519292,45.659923502061474,44.61957888747784,41.67347789511476,39.103367198502525,36.41595559810681,3.304713758747292,3.325891029229722,3.020053572345852,3.0317571338860145,2.645578934536865,2.646656300160644
308,48.9104123156422,45.774006683621415,44.73270866382511,41.776702289054754,39.20287721524723,36.506990819997256,3.3124848492609584,3.333344446305542,3.0269850270156176,3.038408892899615,2.6515038374560085,2.652341228216628
309,49.033603016815,45.88613969668622,44.83717358048451,41.87209573804273,39.28429701742129,36.58128531576769,3.320510074327005,3.34108468433889,3.033693763409536,3.044895551013361,2.656693677192151,2.6573490109453477
310,49.18442271389466,46.02961096252213,44.97584652704457,42.001228226465614,39.40932455684288,36.69474507695468,3.330657883386327,3.351498989330898,3.0430791768160685,3.054266136169931,2.6651765530420795,2.665538054426966
311,49.28690966081872,46.12808463439235,45.075738871096135,42.09621132737176,39.50011770436817,36.78021530377924,3.337281445147235,3.358374061161691,3.0496536965258705,3.061001106964561,2.671156444962527,2.671581245301927
312,49.41406465117957,46.24895659653748,45.192806976525866,42.207174535966224,39.60698476769592,36.88012355247449,3.345103317748994,3.366345033210551,3.056920476984157,3.0683804780536064,2.677933508895546,2.678340833418567
313,49.55679136173551,46.36756434706118,45.322734482687466,42.314273421160266,39.721315624110815,36.973009042944994,3.354808113209344,3.374650249238887,3.065766945980008,3.075869179614524,2.685820590691847,2.6849111387569944
314,49.71185756958299,46.49821163963888,45.46005597279845,42.42972521054577,39.83188970261416,37.06487025751469,3.3657306103689715,3.384261919191798,3.075389394536358,3.084301979466465,2.693546970811889,2.6915701090344646
315,49.84573840803073,46.61564693744466,45.5816147091075,42.53475068290402,39.93461231599877,37.15271611669792,3.375102290615106,3.392951644640427,3.083891388778365,3.092029334849215,2.70066428989111,2.697938680455645
316,50.052381349708085,46.81081554983848,45.76350269805045,42.70618546776513,40.08161780984087,37.2896073643336,3.389529102592588,3.407660554801475,3.0966150709122124,3.1049697439355404,2.71098056903224,2.7082737910792525
317,50.26639440172328,47.01747104405306,45.95161915917627,42.88503655899157,40.23442587151168,37.43140161160776,3.4035206844142625,3.422282428427906,3.1090080380614014,3.117660131675496,2.7211346455630574,2.718346701611207
318,50.4430728618145,47.19067554349965,46.111603613260094,43.04088491046015,40.36999832747925,37.56289539899813,3.414898205706843,3.43440557102666,3.119243198770697,3.128470770835692,2.7298144271571925,2.7274608155879214
319,50.587476015549576,47.32882171468189,46.24482626624174,43.16904000122689,40.48580787082061,37.67287449057019,3.424399689603499,3.444211186723204,3.127884258357054,3.137446985134717,2.737239201768027,2.735035312687727
320,50.68839614408993,47.42704669255525,46.34052695253756,43.26280158904965,40.57414730306251,37.76059229194016,3.4309207770771097,3.4510880327156563,3.1339735871136303,3.1439222970129337,2.74261769742298,2.7408563335580993
321,50.808857317025776,47.544676391276255,46.44799623849568,43.36815579220629,40.666574179735306,37.85188442727436,3.4388289457969115,3.459462954590702,3.141044305535373,3.151448640077609,2.7486521288829,2.7473412143005485
322,50.954409601820544,47.68435253080116,46.57830503188714,43.494063581126575,40.77770506364012,37.96012274502362,3.4468621996884106,3.46769285585848,3.1481485068694486,3.1587992936004974,2.754581546253396,2.7535474919719216
323,51.07074812423395,47.79596078500591,46.67774041639724,43.59019151102446,40.857311212578,38.03848038131071,3.4530432127690487,3.47400532647049,3.153452171512744,3.1642837013908194,2.758854954659038,2.7580946508259183
324,51.13984888514186,47.86143189440584,46.763884382622784,43.67175103388193,40.95397656103096,38.12926534523488,,,,,,
325,51.16655425103341,47.88675867368876,46.80394243146011,43.70974120280631,41.010353745283446,38.18262291443974,,,,,,
326,51.17822570112431,47.89785676785038,46.821449606596445,43.72638834404874,41.05412168312428,38.22424076754582,,,,,,
