,HipsX,HipsY,HipsZ,HipsZrot,HipsXrot,HipsYrot,AbX,AbY,AbZ,AbZrot,AbXrot,AbYrot,ChestX,ChestY,ChestZ,ChestZrot,ChestXrot,ChestYrot,LeftCollarX,LeftCollarY,LeftCollarZ,LeftCollarZrot,LeftCollarXrot,LeftCollarYrot,LeftShoulderX,LeftShoulderY,LeftShoulderZ,LeftShoulderZrot,LeftShoulderXrot,LeftShoulderYrot,LeftElbowX,LeftElbowY,LeftElbowZ,LeftElbowZrot,LeftElbowXrot,LeftElbowYrot,LeftWristX,LeftWristY,LeftWristZ,LeftWristZrot,LeftWristXrot,LeftWristYrot,NeckX,NeckY,NeckZ,NeckZrot,NeckXrot,NeckYrot,HeadX,HeadY,HeadZ,HeadZrot,HeadXrot,HeadYrot,RightCollarX,RightCollarY,RightCollarZ,RightCollarZrot,RightCollarXrot,RightCollarYrot,RightShoulderX,RightShoulderY,RightShoulderZ,RightShoulderZrot,RightShoulderXrot,RightShoulderYrot,RightElbowX,RightElbowY,RightElbowZ,RightElbowZrot,RightElbowXrot,RightElbowYrot,RightWristX,RightWristY,RightWristZ,RightWristZrot,RightWristXrot,RightWristYrot,LeftHipX,LeftHipY,LeftHipZ,LeftHipZrot,LeftHipXrot,LeftHipYrot,LeftKneeX,LeftKneeY,LeftKneeZ,LeftKneeZrot,LeftKneeXrot,LeftKneeYrot,LeftAnkleX,LeftAnkleY,LeftAnkleZ,LeftAnkleZrot,LeftAnkleXrot,LeftAnkleYrot,RightHipX,RightHipY,RightHipZ,RightHipZrot,RightHipXrot,RightHipYrot,RightKneeX,RightKneeY,RightKneeZ,RightKneeZrot,RightKneeXrot,RightKneeYrot,RightAnkleX,RightAnkleY,RightAnkleZ,RightAnkleZrot,RightAnkleXrot,RightAnkleYrot
0,26.846386,148.42487,-299.97974,-2.274238,6.976225,4.5249,-1e-06,8.176443,4.6e-05,0.402366,-8.786822,0.497676,6e-06,21.841305,-3.2e-05,3.647623,8.730516,0.189713,2.1e-05,21.841293,-4.5e-05,-8.608943,-0.293375,3.675112,19.000004,3.7e-05,-2.7e-05,-67.66141,52.978474,-1.629041,25.320944,2.6e-05,-3.8e-05,5.336128,-0.709432,-15.281396,24.349737,-1.4e-05,-4.8e-05,7.634809,3.559213,1.417489,2e-05,21.841293,-4.5e-05,3.670775,7.815364,-1.696064,8e-06,10.877808,-3.2e-05,-3.11907,-9.148572,-1.704007,2e-05,21.841293,-4.5e-05,13.593142,-0.244262,-2.01085,-18.999996,-8e-06,-3.3e-05,64.532646,12.186496,-0.004153,-25.32095,-1.6e-05,-5.3e-05,-5.598729,-0.708843,17.17586,-24.349758,-4e-06,1.5e-05,33.258526,55.428722,-22.744276,11.866667,-4e-06,2.4e-05,3.330526,-13.680862,-5.947107,1e-05,-45.759537,1.7e-05,-8.798522,58.455853,8.799938,-0.0,-46.552635,-3.6e-05,-4.491225,0.098371,-1.14128,-11.866669,2.3e-05,3.4e-05,3.039229,-14.751462,4.2383,7e-06,-45.759533,1e-06,1.557311,11.77924,-0.671291,7e-06,-46.55262,7e-05,-1.950692,-5.382322,-4.391375
1,26.459064,148.69547,-297.36423,-1.843711,6.944915,4.876827,5e-06,8.17647,-3.4e-05,0.159332,-8.586971,1.269268,6e-06,21.841297,5e-06,3.18771,8.810275,1.029312,2e-06,21.841305,-2.8e-05,-8.827961,-0.307557,3.734784,19.000008,3e-06,-4.9e-05,-67.802505,51.977074,-0.791408,25.320946,-2.6e-05,-6.5e-05,4.844458,-0.612195,-14.937644,24.349705,3.2e-05,1.7e-05,7.774135,5.076246,1.511649,2e-06,21.841305,-2.8e-05,3.370636,8.177353,-2.11629,1e-05,10.877808,-4e-05,-3.199687,-9.878997,-2.163833,2e-06,21.841305,-2.8e-05,13.059446,-0.245203,-2.035935,-18.999977,2.7e-05,-2.2e-05,63.613617,16.074806,4.22557,-25.320946,-4e-06,6e-06,-5.243566,-0.738801,18.903683,-24.349752,-2.5e-05,-3e-05,29.55608,54.11045,-18.510715,11.866673,2.6e-05,9e-06,2.896493,-18.854342,-6.096719,8e-06,-45.759533,3.4e-05,-11.431812,63.54403,12.164127,1e-06,-46.552624,1.5e-05,-4.536399,-1.441005,-2.21929,-11.866669,3e-06,-3e-06,2.916876,-12.520147,4.411187,5e-06,-45.759525,1.6e-05,1.623121,10.697914,-1.024234,3e-06,-46.552612,4.4e-05,-3.089436,-6.053231,-4.549604
2,26.275776,148.8558,-295.42932,-1.420056,6.985864,5.003466,7e-06,8.176452,-6.3e-05,-0.048911,-8.454331,1.855033,1.4e-05,21.841318,8e-06,2.697347,8.870869,1.66333,1.1e-05,21.84132,2.5e-05,-8.942487,-0.286695,3.429917,19.0,6.3e-05,-7e-06,-67.88708,50.961708,-0.282389,25.320917,-5e-06,-3.8e-05,4.388117,-0.52114,-14.523135,24.349718,3.1e-05,-1.6e-05,8.064105,6.086645,1.501087,1.1e-05,21.84132,2.5e-05,3.608492,8.345163,-2.567524,8e-06,10.877769,-4.8e-05,-3.519467,-10.505593,-2.639075,1.1e-05,21.84132,2.5e-05,12.633462,-0.256193,-2.538325,-18.999985,5e-05,-4.6e-05,62.57739,19.203243,7.357581,-25.320936,1e-06,1.5e-05,-5.425351,-0.900456,20.63339,-24.34971,-6e-06,-4e-05,25.364193,52.371418,-14.143602,11.866679,1.7e-05,-3.8e-05,2.207465,-22.346785,-6.557186,6e-06,-45.759514,1e-06,-13.204367,65.21306,14.068217,1.3e-05,-46.55262,-1.2e-05,-4.322086,-3.526441,-2.723482,-11.866658,3.2e-05,-8.4e-05,2.662028,-10.95129,4.25412,9e-06,-45.759552,-8e-06,1.640542,9.926578,-1.058534,6e-06,-46.552616,-3.2e-05,-3.782919,-6.455806,-4.508277
3,26.174212,148.9895,-293.48285,-0.937269,7.076798,5.025286,1.1e-05,8.176433,6e-06,-0.252235,-8.36005,2.394646,1.6e-05,21.841318,-1.5e-05,2.157082,8.947633,2.256597,1.1e-05,21.841347,-3.1e-05,-9.089152,-0.295265,3.261422,19.000015,1.3e-05,-3e-05,-68.10979,49.79342,0.245343,25.32091,1.7e-05,-1.7e-05,4.040757,-0.467986,-14.073649,24.349712,3.4e-05,1.7e-05,8.388594,6.875198,1.46674,1.1e-05,21.841347,-3.1e-05,3.62391,8.484233,-2.854055,1.1e-05,10.877785,-2.8e-05,-3.669091,-11.135655,-2.950355,1.1e-05,21.841347,-3.1e-05,12.11271,-0.265655,-2.922356,-18.99999,4e-06,-2.8e-05,61.375526,21.945261,10.256731,-25.320938,2e-05,1.6e-05,-5.883047,-1.134135,22.648478,-24.349741,2.4e-05,-1.5e-05,20.915405,50.17452,-9.805644,11.866673,1.7e-05,1.2e-05,1.273825,-25.361511,-7.301029,6e-06,-45.759514,-2.6e-05,-14.179096,64.86758,14.96949,5e-06,-46.55263,-7e-06,-3.972003,-5.859402,-2.903819,-11.866654,9e-06,-7e-06,2.308933,-9.439449,3.994508,5e-06,-45.759544,-2e-06,1.637361,9.180026,-0.946557,8e-06,-46.552612,-2e-06,-4.336014,-6.782622,-4.461892
4,26.139982,149.12297,-290.83652,-0.266328,7.268574,4.935598,8e-06,8.176455,0.0,-0.480507,-8.305352,2.978758,1.6e-05,21.841316,-1.4e-05,1.369018,9.092046,2.918334,1.5e-05,21.841278,-1.9e-05,-9.270197,-0.27748,3.206316,19.000015,1.5e-05,-2.8e-05,-68.55267,48.28361,0.891074,25.320934,-2.7e-05,-6.1e-05,3.585548,-0.385783,-13.331319,24.349735,1e-06,-2e-05,8.894137,7.56864,1.320658,1.5e-05,21.841278,-1.9e-05,3.395011,8.523527,-3.030095,2.1e-05,10.877796,-7.6e-05,-3.694844,-11.881945,-3.166389,1.5e-05,21.841278,-1.9e-05,11.371167,-0.277905,-3.279531,-18.999979,2.7e-05,-5.9e-05,59.804974,24.518492,13.70805,-25.320936,-4e-06,-1.3e-05,-6.651495,-1.49932,25.534517,-24.349766,-1e-05,-2.2e-05,15.573598,46.985523,-5.01743,11.86668,4e-06,-2.2e-05,-0.192348,-28.514795,-8.585808,6e-06,-45.759476,1.3e-05,-13.547299,61.346954,14.191219,4e-06,-46.552647,-2.4e-05,-3.56332,-8.540707,-2.563567,-11.866661,1e-06,-7e-06,1.790028,-7.501742,3.754934,8e-06,-45.759525,2.6e-05,1.596848,8.254705,-0.645197,7e-06,-46.55262,2.1e-05,-4.954346,-7.134659,-4.655094
5,26.168049,149.17435,-288.80026,0.1968,7.463213,4.810489,1e-05,8.176458,-1.5e-05,-0.623496,-8.320422,3.298795,4e-06,21.841309,-1.3e-05,0.7399,9.246718,3.291137,1.8e-05,21.841301,-8.5e-05,-9.282073,-0.258304,2.948324,19.000017,2.5e-05,-2.7e-05,-69.006035,47.459595,1.359459,25.320942,-4e-06,-5.3e-05,3.441951,-0.352425,-12.826348,24.34972,-1.5e-05,-2.9e-05,9.089302,7.884829,1.236851,1.8e-05,21.841301,-8.5e-05,3.540279,8.343873,-3.240171,1e-05,10.877789,-5.5e-05,-3.990145,-12.335749,-3.418399,1.8e-05,21.841301,-8.5e-05,10.920873,-0.309509,-3.797719,-18.999979,-2e-06,-4.7e-05,58.804123,25.611784,16.022142,-25.320946,-2e-05,-2.6e-05,-7.159435,-1.753381,27.631634,-24.34974,-8e-06,-6e-06,12.217723,44.686615,-2.286942,11.866676,3.4e-05,-1.1e-05,-1.301676,-30.185534,-9.605736,8e-06,-45.75953,4.1e-05,-11.807359,56.601383,12.399558,7e-06,-46.552643,-1.4e-05,-3.465196,-9.870923,-1.875013,-11.866658,1.6e-05,-2.5e-05,1.45449,-6.132719,3.793295,6e-06,-45.759537,2.4e-05,1.529866,7.685142,-0.320518,1.7e-05,-46.55262,1.6e-05,-5.43094,-7.383515,-5.15184
6,26.2241,149.16354,-286.71143,0.569964,7.696854,4.650518,8e-06,8.176455,1e-05,-0.74148,-8.386944,3.515917,5e-06,21.841295,3.4e-05,0.202176,9.451724,3.560023,1.6e-05,21.841301,3.7e-05,-9.29752,-0.224786,2.867149,18.999983,5.2e-05,-2.2e-05,-69.52826,46.891647,1.746828,25.320951,-1.5e-05,-4.5e-05,3.407953,-0.344816,-12.373508,24.349705,9e-06,-3.6e-05,9.059382,8.202046,1.170255,1.7e-05,21.841301,3.7e-05,3.417085,8.091182,-3.295505,1.2e-05,10.877785,-4.6e-05,-4.148533,-12.769121,-3.520357,1.7e-05,21.841301,3.7e-05,10.506335,-0.325253,-4.097416,-18.999979,8e-06,-5.2e-05,57.98198,26.180405,18.017435,-25.320978,2.1e-05,2e-05,-7.487392,-1.954444,29.516508,-24.349766,0.0,8e-06,9.332436,42.632317,-0.157177,11.86668,2e-05,-2.9e-05,-2.267369,-31.260166,-10.497585,-2e-06,-45.759495,5e-06,-9.463041,50.29278,10.013854,3e-06,-46.5526,-2.1e-05,-3.590986,-10.609353,-0.886887,-11.86666,1.4e-05,8e-06,1.237702,-4.864369,4.057442,9e-06,-45.75953,-4e-06,1.425709,7.297464,0.065158,7e-06,-46.552628,1.5e-05,-5.983104,-7.676285,-5.974632
7,26.322983,149.02017,-283.82547,0.858356,8.048625,4.383392,1.2e-05,8.176482,-3e-06,-0.858216,-8.550366,3.670898,6e-06,21.841324,3.1e-05,-0.321778,9.795056,3.767115,9e-06,21.841324,-1.7e-05,-9.271616,-0.251499,2.832879,19.000004,2.7e-05,-2.1e-05,-70.40836,46.53465,2.274025,25.320911,4e-06,5e-06,3.730965,-0.394563,-12.074241,24.349737,-2.1e-05,-6.3e-05,8.388732,8.761227,1.226976,9e-06,21.841324,-1.7e-05,3.09437,7.647679,-3.244617,8e-06,10.877804,-6.5e-05,-4.307417,-13.356395,-3.541868,9e-06,21.841324,-1.7e-05,10.085323,-0.333934,-4.319983,-18.999977,8e-06,-2e-06,57.108482,26.52346,20.208479,-25.320934,-1e-06,-2.2e-05,-7.697824,-2.139392,31.607164,-24.349773,1e-05,1.5e-05,6.113225,40.325962,1.984958,11.86668,4.8e-05,-4.2e-05,-3.143594,-31.848318,-11.255032,7e-06,-45.759537,2.1e-05,-6.100527,40.0197,6.328823,5e-06,-46.552635,-1e-05,-4.014036,-11.01361,0.839472,-11.866657,1.8e-05,-2.4e-05,1.209359,-3.334927,4.704609,5e-06,-45.75954,-1.4e-05,1.229412,7.135197,0.638595,-1e-05,-46.552616,3.8e-05,-6.872326,-8.222271,-7.454181
8,26.41062,148.80042,-281.56274,0.895757,8.309174,4.138266,1.3e-05,8.176456,-8e-06,-0.91154,-8.719179,3.706325,1e-05,21.841318,-4.1e-05,-0.570824,10.087291,3.823741,2.2e-05,21.841274,-8e-06,-9.192887,-0.24769,2.716066,19.0,4.3e-05,2.7e-05,-71.08636,46.430107,2.593592,25.320913,-1.2e-05,1e-05,3.982914,-0.419441,-11.893325,24.349697,-1.2e-05,-2.6e-05,7.51817,9.4303,1.224207,2.2e-05,21.841274,-8e-06,2.930905,7.30405,-3.193001,1.2e-05,10.877789,3e-05,-4.519529,-13.845624,-3.553057,2.2e-05,21.841274,-8e-06,9.923085,-0.349525,-4.473315,-18.999987,2.3e-05,-4.1e-05,56.55527,26.740807,21.482307,-25.320942,1.8e-05,8e-06,-7.690757,-2.208864,32.74196,-24.349737,6e-06,-7e-06,4.022452,38.968575,3.25992,11.866679,3.5e-05,-1.8e-05,-3.433005,-31.766493,-11.483709,6e-06,-45.759502,4.3e-05,-3.798337,31.54738,3.385682,7e-06,-46.55261,-2.7e-05,-4.373894,-11.165921,2.46205,-11.866657,1.5e-05,1.7e-05,1.396833,-2.256746,5.315063,2e-06,-45.75952,0.0,1.042643,7.268837,1.094909,-5e-06,-46.552616,-5e-05,-7.61535,-8.799029,-8.693637
9,26.515602,148.48456,-279.19284,0.795931,8.527492,3.855434,8e-06,8.176459,2.8e-05,-0.946863,-8.921173,3.69062,1.2e-05,21.841297,-7e-06,-0.686637,10.400247,3.825889,1e-05,21.841293,-7e-06,-9.108652,-0.215745,2.638282,19.000013,1.1e-05,-1.7e-05,-71.68802,46.401844,2.773795,25.32093,1e-05,-4e-06,4.288169,-0.483465,-11.793298,24.349714,-4e-06,-6.5e-05,6.305067,10.379757,1.189734,1.1e-05,21.841293,-7e-06,2.662925,7.036473,-3.067194,1.2e-05,10.877785,-2.3e-05,-4.652421,-14.393524,-3.488507,1e-05,21.841293,-7e-06,9.858338,-0.378828,-4.481291,-18.999977,-4e-06,8e-06,56.079937,27.075401,22.359125,-25.320929,3.6e-05,-1.3e-05,-7.612651,-2.232628,33.48915,-24.349716,-1.1e-05,-5e-06,2.180828,37.95628,4.337282,11.866675,2.4e-05,2.5e-05,-3.43727,-31.367413,-11.552075,1.2e-05,-45.759533,7e-06,-1.890011,23.191593,0.539685,7e-06,-46.552597,2.6e-05,-4.598655,-11.325414,4.343239,-11.866661,1.9e-05,2.3e-05,1.730216,-1.156503,5.916155,-2e-06,-45.759552,-6.3e-05,0.822374,7.567747,1.592164,6e-06,-46.55262,1.1e-05,-8.339923,-9.536246,-9.919724
10,26.704044,147.93898,-275.8331,0.52476,8.689567,3.432009,2e-06,8.176423,-1.2e-05,-0.998172,-9.20593,3.633534,0.0,21.84128,4.1e-05,-0.708715,10.806671,3.780323,1.3e-05,21.841301,1.7e-05,-8.984833,-0.182139,2.539697,18.999985,6.1e-05,3.2e-05,-72.29547,46.554935,2.815492,25.320915,-1.5e-05,-4.6e-05,4.832634,-0.547527,-11.773098,24.349703,2.2e-05,1.2e-05,4.188817,11.848088,1.149044,1.2e-05,21.841301,1.7e-05,2.240952,6.892498,-2.868391,6e-06,10.877796,0.0,-4.666216,-15.232336,-3.352892,1.2e-05,21.841301,1.7e-05,9.919769,-0.383567,-4.360334,-18.99998,1.1e-05,4.9e-05,55.676884,27.647388,22.787184,-25.320927,-1.1e-05,1e-06,-7.287781,-2.130515,33.81698,-24.349731,-7e-06,7e-06,-0.053841,37.217464,5.589121,11.866673,-2.3e-05,-4.6e-05,-3.151183,-30.586235,-11.64573,9e-06,-45.75949,1.2e-05,-0.043919,13.748626,-2.663211,-2e-06,-46.552624,-2.1e-05,-4.385434,-11.442052,7.047881,-11.866666,-4e-06,-1e-05,2.295185,0.461535,6.465219,1e-06,-45.75954,-3e-05,0.460106,8.158334,2.416051,1e-06,-46.552624,2.1e-05,-9.108061,-10.746924,-11.3876
11,26.899847,147.47229,-273.14462,0.289,8.680108,3.098621,1e-05,8.176458,5e-06,-1.06626,-9.416023,3.584459,8e-06,21.841293,-6e-06,-0.685233,11.087531,3.736959,2e-05,21.841293,-2.9e-05,-8.937119,-0.18003,2.52183,19.000006,3.6e-05,-3.8e-05,-72.468254,46.83239,2.645794,25.32088,4.1e-05,2.6e-05,5.315615,-0.594873,-11.810797,24.34972,9e-06,3.4e-05,2.395197,12.939822,1.17818,2e-05,21.841293,-2.9e-05,1.849993,6.982272,-2.7176,1.1e-05,10.877789,8e-06,-4.463581,-15.935268,-3.227252,2e-05,21.841293,-2.9e-05,10.037427,-0.392347,-4.172385,-18.999996,-2e-06,-3.1e-05,55.72598,28.10324,22.360434,-25.320942,1.9e-05,-6e-06,-6.932656,-2.007448,33.68435,-24.349722,-2.6e-05,-8e-06,-1.509427,37.12723,6.380425,11.866676,2.9e-05,-1.5e-05,-2.862918,-29.989744,-11.720932,1e-06,-45.759518,1.3e-05,0.853752,8.950059,-4.598313,6e-06,-46.5526,1.8e-05,-3.729669,-11.14524,8.964778,-11.866657,2.5e-05,-3.5e-05,2.720787,1.8132,6.513248,4e-06,-45.759537,-1.2e-05,0.116263,8.77804,3.260144,2e-06,-46.552624,2.1e-05,-9.421649,-11.765496,-12.297811
12,27.154713,147.00555,-270.31094,0.091652,8.560247,2.783561,5e-06,8.17645,7e-06,-1.197803,-9.628986,3.5296,9e-06,21.841301,-5e-06,-0.676018,11.349369,3.69585,-1e-06,21.84129,8e-06,-8.975094,-0.20151,2.547474,18.99999,6.1e-05,-1.1e-05,-72.260994,47.22345,2.242131,25.32096,-6e-06,-1.7e-05,5.755342,-0.637333,-11.809124,24.349709,-1.6e-05,-6.1e-05,0.690632,13.838297,1.240763,-1e-06,21.84129,8e-06,1.480375,7.217681,-2.606644,1.1e-05,10.877811,-3.1e-05,-4.136792,-16.664581,-3.117088,-1e-06,21.84129,8e-06,10.210699,-0.384819,-3.951359,-18.999985,3.4e-05,-3.9e-05,56.1943,28.455631,21.191582,-25.320938,-1e-05,1e-05,-6.433607,-1.811995,33.228462,-24.349771,-1.9e-05,-2e-05,-2.89772,37.36749,7.105861,11.866673,2.3e-05,4.3e-05,-2.64104,-29.517277,-11.631741,1.4e-05,-45.759506,-1.1e-05,1.3455,6.603621,-6.447183,2e-06,-46.55264,8e-06,-2.755263,-10.267218,10.616271,-11.866663,1e-05,1.2e-05,3.072428,3.199618,6.155565,1.3e-05,-45.759525,4e-06,-0.293594,9.677335,4.295241,-6e-06,-46.552612,1e-05,-9.415833,-12.784123,-12.943439
13,27.596,146.48643,-266.33966,-0.021317,8.260726,2.478656,2e-06,8.176452,1.1e-05,-1.515535,-9.916859,3.413506,7e-06,21.84134,1e-05,-0.756139,11.67844,3.619114,0.0,21.841305,1.3e-05,-9.163834,-0.210001,2.602853,19.000004,2.7e-05,9e-06,-71.28013,47.69824,1.233048,25.320932,3e-06,1.7e-05,6.10636,-0.660638,-11.630251,24.349741,8e-06,-5e-06,-0.905238,14.490219,1.258606,0.0,21.841305,1.3e-05,1.106791,7.650923,-2.53556,6e-06,10.877769,-2.1e-05,-3.588314,-17.583008,-3.014892,0.0,21.841305,1.3e-05,10.519504,-0.365602,-3.620533,-18.99999,2.5e-05,-3e-06,57.616047,28.537045,18.382437,-25.32093,1e-05,-1.1e-05,-5.625243,-1.472184,32.178936,-24.349768,1e-06,-4e-06,-4.693875,38.036777,8.002435,11.866665,1.4e-05,9e-06,-2.617199,-29.153255,-11.193094,0.0,-45.759514,2.1e-05,1.377673,7.260548,-8.965714,-5e-06,-46.552597,-2.9e-05,-1.446596,-8.177708,12.261371,-11.866665,2e-05,6e-06,3.2901,4.803731,4.969043,-1e-06,-45.759533,-1e-05,-0.859434,11.671225,5.730346,1.3e-05,-46.552635,1.1e-05,-8.707314,-13.928386,-13.026977
14,28.003681,146.24945,-263.26587,0.028155,7.959252,2.392104,5e-06,8.17644,-6e-06,-1.82628,-10.101186,3.266437,5e-06,21.841307,-2e-06,-0.938998,11.896228,3.521967,2e-06,21.841286,4.5e-05,-9.354488,-0.198891,2.617771,18.999992,4.2e-05,3e-06,-70.12039,47.810307,0.166032,25.320923,1.3e-05,1.8e-05,6.191289,-0.642949,-11.370628,24.34973,1.8e-05,3e-06,-1.300113,14.455522,1.163842,2e-06,21.841286,4.5e-05,0.877593,7.975521,-2.51446,2e-06,10.877769,-1.5e-05,-3.080577,-18.155445,-2.945371,3e-06,21.841286,4.5e-05,10.772406,-0.336622,-3.31921,-18.999983,2.1e-05,3.2e-05,59.296402,28.114546,15.402903,-25.320923,2.1e-05,1.8e-05,-4.928828,-1.219033,31.046625,-24.349766,2e-06,-1.7e-05,-5.976419,38.768154,8.61626,11.866665,-5e-06,1.1e-05,-2.855629,-28.985168,-10.798152,8e-06,-45.759502,-1.8e-05,1.042039,9.987141,-10.493196,-2e-06,-46.552628,-1.9e-05,-0.869459,-6.218232,12.978154,-11.866662,7e-06,0.0,3.144231,5.524521,3.472316,1e-05,-45.759552,-7e-06,-1.166986,14.092913,6.637718,-4e-06,-46.55263,9e-06,-7.434165,-14.375501,-12.084691
15,28.47173,146.18285,-260.1715,0.171913,7.617283,2.415648,2e-06,8.176446,2e-06,-2.123167,-10.200823,3.062455,1e-05,21.84129,7e-06,-1.256686,12.048602,3.378799,1.5e-05,21.841267,4.3e-05,-9.521341,-0.206429,2.557946,18.999992,5.7e-05,-1.5e-05,-68.79711,47.645355,-1.038812,25.320896,-5e-06,-4.8e-05,6.228016,-0.62172,-11.067049,24.34971,2.9e-05,2.3e-05,-1.013633,13.938107,0.997168,1.5e-05,21.841267,4.3e-05,0.656297,8.22862,-2.494632,8e-06,10.877792,2.1e-05,-2.500178,-18.567041,-2.856369,1.5e-05,21.841267,4.3e-05,11.004075,-0.305099,-2.993255,-18.99998,6e-06,-2.2e-05,61.380573,27.23609,11.869775,-25.320938,-2.7e-05,-7e-06,-4.277271,-0.993301,29.617601,-24.349743,-2.1e-05,-4e-06,-6.995787,39.62757,9.025039,11.866671,2.8e-05,-1.8e-05,-3.289112,-28.736004,-10.484061,1.1e-05,-45.75951,1.3e-05,0.569191,13.744862,-11.406476,2e-06,-46.55261,-2e-06,-0.748208,-4.409882,13.377232,-11.866663,2.7e-05,9e-06,2.622979,5.564757,1.374507,7e-06,-45.759552,-3.6e-05,-1.311232,17.58686,7.378611,7e-06,-46.552605,6.9e-05,-5.350672,-14.1042,-9.983588
16,29.16119,146.35477,-256.12354,0.446607,7.137099,2.479771,6e-06,8.176458,-2.3e-05,-2.420058,-10.142877,2.732923,6e-06,21.84131,1.1e-05,-1.80961,12.125679,3.131013,1.1e-05,21.841297,9e-06,-9.638874,-0.211475,2.354399,18.99998,3.3e-05,9e-06,-66.977486,47.15069,-2.832762,25.320919,1.1e-05,8e-06,6.229989,-0.601946,-10.559602,24.349714,1.5e-05,1.5e-05,0.16745,12.566965,0.703069,1.1e-05,21.841297,9e-06,0.315128,8.360187,-2.402962,8e-06,10.877823,-4.6e-05,-1.678956,-18.821177,-2.656464,1.1e-05,21.841297,9e-06,11.22258,-0.281412,-2.571078,-18.999985,-8e-06,-2e-06,64.37185,25.556406,6.776519,-25.320948,-4e-06,-1.5e-05,-3.767045,-0.821539,27.439837,-24.34972,-2.9e-05,-2.5e-05,-7.213922,40.960125,8.711138,11.866671,5.7e-05,-2.2e-05,-4.028474,-27.993319,-10.200536,6e-06,-45.7595,4e-06,-0.012974,18.813053,-11.839404,1.4e-05,-46.552597,1.1e-05,-0.929471,-2.942476,13.854736,-11.866665,1.4e-05,2e-06,1.247954,4.256758,-2.226621,4e-06,-45.759525,2.7e-05,-1.436888,24.17332,8.397026,1.2e-05,-46.552624,-5.2e-05,-1.437511,-11.87865,-5.765964
17,29.6903,146.63591,-253.21727,0.65949,6.779823,2.414485,4e-06,8.176448,-4.1e-05,-2.564116,-9.937378,2.475116,5e-06,21.841312,-5e-06,-2.157517,12.081967,2.917665,8e-06,21.841309,-4.7e-05,-9.703538,-0.186094,2.283609,19.000006,5.2e-05,2.2e-05,-65.58365,46.759117,-4.394524,25.320923,1.1e-05,-0.0,6.277707,-0.61069,-10.16149,24.349735,8e-06,-2e-06,1.295561,11.143822,0.487136,7e-06,21.841309,-4.7e-05,-0.246822,8.290187,-2.149646,-2e-06,10.877819,-2.7e-05,-0.917978,-18.823267,-2.314098,6e-06,21.841309,-4.7e-05,11.274203,-0.243942,-2.153048,-18.999983,5.3e-05,3.1e-05,66.40399,24.17148,3.017423,-25.320955,-4.1e-05,-6.8e-05,-3.783886,-0.852133,25.834167,-24.349728,-6e-06,-5e-06,-5.98334,42.17913,7.443579,11.866671,3.5e-05,-2.9e-05,-4.554743,-26.978527,-10.005983,2e-06,-45.75951,7e-06,-0.291153,21.731205,-11.912407,-4e-06,-46.5526,-1.6e-05,-0.956441,-2.716139,14.348356,-11.866664,1.8e-05,-3.2e-05,-0.237057,2.193666,-5.108716,6e-06,-45.75953,8e-06,-1.75884,30.424776,9.366612,3e-06,-46.552612,3e-05,1.774955,-8.63751,-2.578032

18,30.18916,146.99521,-250.46216,0.819333,6.437615,2.180265,8e-06,8.176446,-1.3e-05,-2.647386,-9.611955,2.213025,6e-06,21.841322,-2.5e-05,-2.371651,11.99352,2.676455,4e-06,21.841328,1.8e-05,-9.712308,-0.186431,2.163237,19.000004,6.4e-05,-6e-06,-64.118996,46.556248,-6.144614,25.320915,3e-06,-4e-05,6.48947,-0.603132,-9.863277,24.34971,2.1e-05,1.2e-05,2.303689,9.45175,0.321761,4e-06,21.841328,1.9e-05,-0.759156,8.053027,-1.805637,1e-05,10.877785,-4.6e-05,-0.310869,-18.70976,-1.901293,4e-06,21.841328,1.8e-05,11.311137,-0.210942,-1.836135,-18.999985,2.3e-05,-2e-06,68.0436,22.847155,-0.483578,-25.320948,2e-06,-1.7e-05,-4.196044,-0.973473,24.547377,-24.349756,-3e-06,-6e-06,-3.34769,43.52686,5.124923,11.866673,4.4e-05,-2.4e-05,-4.937276,-25.541006,-9.796571,6e-06,-45.759518,-1.1e-05,-0.415238,23.498398,-11.981378,-4e-06,-46.55262,-4.6e-05,-0.689462,-3.098091,14.97985,-11.866657,3.1e-05,-3.1e-05,-1.918762,-0.69278,-7.663896,2e-06,-45.75952,-0.0,-2.439319,37.30266,10.3766,7e-06,-46.552624,1.6e-05,4.507895,-4.656954,-0.281111

19,30.749733,147.52077,-247.03572,0.854836,6.009324,1.629803,6e-06,8.176466,-3.8e-05,-2.660973,-9.052753,1.830029,3e-06,21.841318,-4.4e-05,-2.364877,11.869304,2.275732,6e-06,21.84127,2.1e-05,-9.670768,-0.165155,1.924233,19.000002,2.1e-05,-1.5e-05,-61.815304,46.690216,-8.917434,25.320938,-8e-06,-3.5e-05,6.681603,-0.595637,-9.41181,24.349716,1.3e-05,-1.3e-05,3.502432,7.156491,0.06697,5e-06,21.84127,2.1e-05,-1.231587,7.592647,-1.216394,1.1e-05,10.877804,-2.9e-05,0.165591,-18.511808,-1.254654,5e-06,21.84127,2.1e-05,11.400969,-0.193872,-1.628076,-18.999977,3.6e-05,-3.5e-05,69.43719,21.272102,-4.633773,-25.320948,3e-06,-1.9e-05,-5.088076,-1.207682,23.52093,-24.349764,1e-06,-9e-06,1.695819,45.200596,0.93101,11.866679,2.7e-05,-2.1e-05,-5.121056,-23.05777,-9.560652,0.0,-45.75951,-1.2e-05,-0.405082,24.103712,-12.18453,9e-06,-46.55262,-1.2e-05,0.181207,-4.176271,16.034988,-11.866662,1.9e-05,-9e-06,-4.025259,-5.437362,-10.045251,4e-06,-45.75954,-1.2e-05,-3.754199,46.246265,11.266791,3e-06,-46.55263,-4.4e-05,6.70704,0.076026,0.99445
20,31.064846,147.90741,-244.63028,0.701685,5.712193,1.133705,5e-06,8.176475,2e-05,-2.571973,-8.579582,1.468984,5e-06,21.84129,-1.8e-05,-2.134666,11.771839,1.872187,3e-06,21.84132,1.6e-05,-9.664196,-0.164938,1.835872,19.000002,4.2e-05,2.3e-05,-59.79597,47.096455,-11.250619,25.32093,3e-06,-1.5e-05,6.878794,-0.583008,-9.125854,24.349741,3e-06,-1.7e-05,4.174687,5.482692,-0.043646,2e-06,21.84132,1.7e-05,-1.668437,7.252379,-0.598866,2e-06,10.877808,2.5e-05,0.597221,-18.369354,-0.588384,2e-06,21.84132,1.6e-05,11.472119,-0.195798,-1.48168,-18.999992,1e-05,2.4e-05,69.843315,20.244543,-7.349159,-25.320957,-5e-06,1.6e-05,-5.792274,-1.344805,23.19425,-24.349766,-2e-06,2e-06,5.532043,45.90903,-2.120534,11.866673,2.7e-05,1.5e-05,-5.005748,-20.895264,-9.496573,4e-06,-45.759514,-2e-06,-0.322166,23.533566,-12.382436,-1.2e-05,-46.55263,-2.1e-05,1.12859,-5.146885,16.94247,-11.866663,3.5e-05,5e-06,-5.208849,-9.305018,-10.971096,6e-06,-45.75951,-1e-05,-4.654211,51.88284,11.327165,9e-06,-46.55262,3.3e-05,7.190465,2.23404,0.846706
21,31.284393,148.26306,-242.33214,0.397728,5.454453,0.658848,9e-06,8.176437,-1.2e-05,-2.38225,-8.120938,1.013217,2e-06,21.841303,-1.4e-05,-1.815141,11.696569,1.353152,8e-06,21.841309,-3e-06,-9.596744,-0.143116,1.618847,18.999989,4e-05,9e-06,-57.56619,47.64667,-13.676539,25.320904,-2e-06,-1e-05,7.01176,-0.569321,-8.832258,24.349745,4e-06,-3.4e-05,4.770465,4.029167,-0.073394,8e-06,21.841309,-3e-06,-1.870205,6.938443,0.040925,-2e-06,10.877804,2.9e-05,0.933063,-18.174328,0.085691,8e-06,21.841309,-3e-06,11.605579,-0.199354,-1.569675,-18.999989,2.9e-05,7e-06,69.737816,19.3205,-9.645562,-25.320934,-7e-06,1.7e-05,-6.368679,-1.438548,23.009624,-24.349754,1e-05,2.4e-05,8.379294,45.94669,-4.163796,11.86668,1.8e-05,-1e-05,-4.707844,-18.60673,-9.568084,9e-06,-45.759514,-9e-06,-0.214889,22.397333,-12.530568,2e-06,-46.55263,-2e-05,2.178363,-6.068912,17.855019,-11.866661,9e-06,-2e-06,-5.919733,-13.146752,-11.245622,3e-06,-45.75954,-1.9e-05,-5.011156,55.97222,10.699985,5e-06,-46.552643,-2.2e-05,6.768593,2.997794,0.127944
22,31.445786,148.6615,-239.37036,-0.156522,5.21407,0.124082,6e-06,8.176437,-1.8e-05,-1.991316,-7.621659,0.263704,4e-06,21.841316,2e-06,-1.38966,11.610242,0.520888,9e-06,21.841293,-6.2e-05,-9.383201,-0.110017,1.125972,19.0,4.6e-05,-2.9e-05,-54.493416,48.369503,-16.788836,25.320892,-1e-05,-2.7e-05,7.232353,-0.574737,-8.552452,24.349735,3.9e-05,1.4e-05,5.440877,2.595409,0.122858,9e-06,21.841293,-6.2e-05,-1.805816,6.630603,0.827722,1e-05,10.877792,-8e-06,1.389537,-17.778488,0.976552,1e-05,21.841293,-6.2e-05,11.915271,-0.229123,-2.119462,-18.999985,4.2e-05,0.0,68.90936,18.282593,-12.066663,-25.32093,-3e-06,-2e-06,-6.944062,-1.534186,22.770355,-24.349735,-3e-06,-2.9e-05,10.001853,44.75944,-4.754836,11.866677,3.1e-05,-1e-06,-4.117634,-15.547688,-9.801417,2e-06,-45.759518,-1.2e-05,-0.084748,20.449492,-12.591615,-1.6e-05,-46.5526,-1.1e-05,3.504119,-7.043108,18.945778,-11.866662,5e-06,-2.5e-05,-6.15058,-17.887005,-10.779567,1e-06,-45.759537,-1.5e-05,-4.09606,58.35781,8.682933,2e-06,-46.552635,-1e-05,4.986448,2.278525,-1.171902
23,31.490902,148.88501,-237.18118,-0.585924,5.132647,-0.204304,9e-06,8.17646,-1.8e-05,-1.647634,-7.362681,-0.346873,8e-06,21.841314,1.5e-05,-1.08213,11.495729,-0.149682,1e-05,21.841312,-3e-06,-9.279673,-0.10803,1.079889,19.000004,1.7e-05,1.2e-05,-52.31259,48.66913,-18.86929,25.32094,-0.0,-1.7e-05,7.479403,-0.583475,-8.490548,24.349695,3e-06,-4.1e-05,5.829573,1.949648,0.458476,1e-05,21.841312,-3e-06,-2.194442,6.550653,1.596809,7e-06,10.877823,-2.5e-05,2.330578,-17.421936,1.848369,1e-05,21.841312,-3e-06,12.140925,-0.257798,-2.385886,-18.999998,3.4e-05,-1.4e-05,67.88973,17.662651,-13.552384,-25.32094,6e-06,-6e-06,-7.314429,-1.561549,22.436405,-24.34974,0.0,-5e-06,9.814344,42.867153,-3.841733,11.866674,2.6e-05,-2.1e-05,-3.61853,-13.354794,-9.979761,-6e-06,-45.759514,-1e-06,-0.032698,18.937325,-12.576282,-1e-06,-46.552616,-3.2e-05,4.32715,-7.53883,19.635807,-11.86666,2.7e-05,-1.1e-05,-5.901682,-20.982126,-9.934806,6e-06,-45.75952,4e-06,-2.524482,57.615788,6.599119,3e-06,-46.55262,-3.1e-05,3.043537,0.885292,-2.14553
24,31.492039,149.02785,-234.98836,-0.946917,5.127864,-0.476283,7e-06,8.17645,-1e-05,-1.322349,-7.199805,-0.950218,8e-06,21.841318,-5e-06,-0.875307,11.349779,-0.795861,2e-06,21.841343,-1.9e-05,-9.12502,-0.105347,0.902113,18.999996,3.8e-05,-2.1e-05,-50.384052,48.703194,-20.56508,25.320942,-1.1e-05,-1.2e-05,7.702072,-0.616822,-8.544128,24.349712,2.1e-05,-2.3e-05,6.182011,1.658949,0.867425,2e-06,21.841343,-1.9e-05,-2.317896,6.591884,2.215024,9e-06,10.877804,3.1e-05,3.216296,-17.04727,2.581602,2e-06,21.841343,-1.9e-05,12.45852,-0.300533,-2.925558,-18.999992,1.5e-05,1.9e-05,66.70196,17.087385,-14.736359,-25.320936,1e-06,1.8e-05,-7.732589,-1.615348,22.02368,-24.349726,0.0,-3.7e-05,9.163938,40.301678,-2.496232,11.866674,2.8e-05,-1.8e-05,-3.151435,-11.296869,-10.11469,2e-06,-45.759514,-1.5e-05,-0.04817,17.55323,-12.538804,-3e-06,-46.552597,-3e-06,4.977184,-7.8713,20.214355,-11.866658,-3e-06,-3.9e-05,-5.423676,-23.57015,-8.786764,1e-06,-45.759525,-5e-06,-0.805648,54.76115,4.553136,3e-06,-46.552635,-1.3e-05,1.068265,-0.928155,-3.009202
25,31.45469,149.07333,-232.02399,-1.235016,5.198955,-0.737882,7e-06,8.176478,1e-05,-0.962932,-7.061047,-1.679847,9e-06,21.841288,-1e-06,-0.772776,11.063178,-1.559501,5e-06,21.841293,2.3e-05,-8.930271,-0.068584,0.567662,18.999992,4.8e-05,-3.7e-05,-48.267406,48.366158,-22.216534,25.320919,-9e-06,-4.1e-05,8.007654,-0.628887,-8.852564,24.349728,3.7e-05,-1.2e-05,6.65726,1.385089,1.407747,5e-06,21.841293,2.3e-05,-2.212416,6.882604,2.801969,7e-06,10.877796,-4.4e-05,4.259277,-16.719425,3.311113,5e-06,21.841293,2.3e-05,12.972162,-0.383372,-3.850462,-18.999989,2.6e-05,-4.8e-05,65.08549,16.248804,-16.046227,-25.320917,-9e-06,-9e-06,-8.448158,-1.747162,21.48264,-24.349731,8e-06,-1e-06,8.560811,36.58641,-1.068632,11.866676,4.6e-05,8e-06,-2.692295,-8.785806,-10.267534,4e-06,-45.75951,-4e-06,-0.190931,16.084995,-12.427362,-1e-06,-46.5526,-1.8e-05,5.646397,-8.222428,20.824759,-11.866663,2.6e-05,1.2e-05,-4.637223,-26.096584,-7.014145,2e-06,-45.759544,-1.7e-05,0.830121,48.147373,2.406965,3e-06,-46.552616,-1.5e-05,-0.741625,-3.680976,-3.931898
26,31.413206,148.99316,-229.75072,-1.273813,5.272521,-0.823156,7e-06,8.176467,-2.3e-05,-0.781988,-6.95367,-2.1316,3e-06,21.841318,-7e-06,-0.739163,10.740916,-2.023802,5e-06,21.841305,1.1e-05,-8.972056,-0.049265,0.712845,19.00001,5.7e-05,-3.1e-05,-46.991917,47.93245,-23.090328,25.320942,1.3e-05,-1.5e-05,8.357458,-0.684891,-9.336779,24.349718,1.6e-05,-1.2e-05,7.048159,0.987465,1.778285,5e-06,21.841305,1e-05,-2.545566,7.272694,3.278094,1e-06,10.877777,-4.4e-05,5.322319,-16.706205,3.911587,5e-06,21.841305,1.1e-05,13.27572,-0.448941,-4.149944,-18.999994,5e-06,-7e-06,63.962406,15.545454,-17.040226,-25.320946,-7e-06,-1.8e-05,-9.06926,-1.836052,21.11107,-24.34974,1e-05,-3.1e-05,8.501637,34.27555,-0.614549,11.866678,3.6e-05,-4.7e-05,-2.534573,-7.076868,-10.390623,1e-06,-45.7595,-2.7e-05,-0.362172,15.359986,-12.351014,1e-05,-46.5526,-6e-06,6.100607,-8.56111,21.223906,-11.86666,2.1e-05,-3e-05,-4.073705,-27.223297,-5.674346,4e-06,-45.75952,1.8e-05,1.359258,41.575256,1.258073,3e-06,-46.552612,-3e-05,-1.163271,-5.79758,-4.479624
27,31.364492,148.81816,-227.41917,-1.167888,5.3331,-0.763426,5e-06,8.176443,0.0,-0.675473,-6.815305,-2.494712,1e-06,21.841345,-2.6e-05,-0.787319,10.34328,-2.391719,7e-06,21.841312,2.8e-05,-9.05798,-0.050303,0.675821,18.999996,5.3e-05,0.0,-45.973473,47.549427,-23.625938,25.320889,2e-05,-4e-06,8.758078,-0.753169,-10.006937,24.349712,2.9e-05,-7e-06,7.521712,0.249233,2.061954,7e-06,21.841312,2.8e-05,-2.522339,7.820914,3.493356,-1e-06,10.877811,-1e-05,5.96277,-16.92318,4.21771,7e-06,21.841312,2.8e-05,13.610398,-0.508759,-4.551143,-18.999985,4.9e-05,-2.2e-05,63.013966,14.740894,-18.002544,-25.320936,-2e-06,-2.8e-05,-9.672976,-1.918983,20.823072,-24.349745,1e-06,1.5e-05,8.717884,32.8557,-0.716441,11.866674,1.2e-05,-5e-06,-2.548555,-5.505782,-10.502579,6e-06,-45.75953,-1.2e-05,-0.542767,15.000829,-12.413157,6e-06,-46.55261,-2.6e-05,6.605022,-9.05538,21.640923,-11.86666,3.5e-05,-9e-06,-3.61785,-27.663107,-4.398546,-0.0,-45.759525,-9e-06,1.423566,34.04455,0.368382,3e-06,-46.55262,0.0,-0.96664,-7.785934,-4.956882
28,31.276798,148.4503,-224.19458,-0.875664,5.352813,-0.368582,4e-06,8.176447,-1.7e-05,-0.55418,-6.618566,-2.881974,7e-06,21.841341,-1.2e-05,-0.98274,9.822066,-2.773274,7e-06,21.841312,1.5e-05,-9.211229,-0.051937,0.544071,18.999989,5.1e-05,-4.9e-05,-44.89022,47.311684,-24.100931,25.32093,1.7e-05,-0.0,9.316999,-0.885837,-11.121325,24.349712,1e-05,4e-06,8.268554,-1.21231,2.347982,7e-06,21.841312,1.5e-05,-2.167504,8.596731,3.474824,9e-06,10.877796,-3.1e-05,6.271206,-17.430351,4.27648,7e-06,21.841312,1.5e-05,14.016517,-0.591601,-5.080646,-19.000002,1.2e-05,-1.7e-05,62.10066,13.726409,-19.220364,-25.320934,5e-06,-1e-06,-10.308741,-2.01561,20.57026,-24.349745,3e-06,-9e-06,9.387869,32.628593,-1.553084,11.86667,3.7e-05,-2.6e-05,-2.755223,-3.579993,-10.582742,7e-06,-45.75951,-2.2e-05,-0.730271,15.090581,-12.891674,1e-05,-46.552593,-1e-05,7.419776,-10.016347,22.2614,-11.866664,1.4e-05,-2.1e-05,-3.215872,-27.231518,-2.728355,2e-06,-45.759533,-2.9e-05,1.08505,23.170942,-0.742716,1e-06,-46.552628,-1.9e-05,-0.393539,-9.947658,-5.512016
29,31.177797,148.09007,-221.67133,-0.606366,5.311741,0.187611,7e-06,8.176463,-3.7e-05,-0.453507,-6.531404,-3.109443,7e-06,21.841286,-3.1e-05,-1.160459,9.550729,-2.990126,5e-06,21.84135,-2.3e-05,-9.350068,-0.07322,0.695504,19.000006,5.5e-05,-3.6e-05,-44.22352,47.445034,-24.487986,25.320904,3.8e-05,-2.7e-05,9.800866,-1.025569,-12.086661,24.349695,3.6e-05,-6e-06,8.803043,-2.470773,2.55064,5e-06,21.84135,-2.3e-05,-1.957782,9.029357,3.398417,8e-06,10.877804,-1.1e-05,6.322059,-17.789642,4.232995,5e-06,21.84135,-2.3e-05,14.199023,-0.642536,-5.268787,-18.999989,1.7e-05,-3e-05,61.677113,13.186286,-20.016792,-25.320957,-1e-05,-1.1e-05,-10.591498,-2.0114,20.379856,-24.349716,1.2e-05,-2e-05,10.287448,33.64073,-2.558155,11.866679,5.5e-05,-1.5e-05,-2.95782,-2.206729,-10.551765,8e-06,-45.759537,-5e-06,-0.793022,15.500035,-13.570276,0.0,-46.552605,-2.9e-05,8.106589,-10.941137,22.724382,-11.86666,1.9e-05,-1.9e-05,-3.041968,-26.295828,-1.381045,2e-06,-45.759514,2e-06,0.618097,15.039742,-1.799427,2e-06,-46.552643,-1e-06,-0.09985,-11.004335,-5.825736
30,31.032623,147.67674,-219.04521,-0.343273,5.228026,0.938799,5e-06,8.176461,-1.4e-05,-0.342577,-6.555995,-3.285775,4e-06,21.841331,-1.9e-05,-1.347283,9.441467,-3.158197,1e-05,21.841309,-4.3e-05,-9.424426,-0.054422,0.827023,18.999996,1.7e-05,-2.5e-05,-43.68092,47.825638,-24.928213,25.320938,4.3e-05,-2.5e-05,10.140228,-1.129874,-13.04699,24.349705,1e-05,-1.3e-05,9.346363,-3.581507,2.687529,1e-05,21.841309,-4.3e-05,-1.481887,9.316545,3.158044,7e-06,10.877823,-3.2e-05,6.015989,-18.062656,3.987694,1e-05,21.841309,-4.3e-05,14.330615,-0.683116,-5.56716,-18.999992,1e-05,-1.8e-05,61.46416,12.916679,-20.563663,-25.320934,-6e-06,-1e-05,-10.699382,-1.978212,20.219847,-24.34974,1.3e-05,-2.3e-05,11.768339,35.432606,-3.921847,11.866672,2.1e-05,-2.1e-05,-3.110323,-0.831123,-10.447374,5e-06,-45.759537,-2.3e-05,-0.780789,16.052603,-14.339036,7e-06,-46.552597,-1.4e-05,8.764611,-11.97058,23.001078,-11.866662,7e-06,-9e-06,-2.923219,-25.067535,0.06794,4e-06,-45.759544,-1.1e-05,-0.018208,7.723131,-3.107711,3e-06,-46.552624,-1e-05,-0.035646,-11.449885,-6.040154
31,30.739891,147.07959,-215.37535,-0.069917,5.068796,2.155395,6e-06,8.176453,-1e-06,-0.188038,-6.804219,-3.450124,5e-06,21.841295,-4.4e-05,-1.516191,9.532744,-3.31519,9e-06,21.841309,-1.8e-05,-9.461744,-0.083033,1.084061,19.0,2.9e-05,-5e-06,-43.319138,48.69925,-25.36779,25.320936,1.7e-05,-1.1e-05,10.608499,-1.284814,-14.373033,24.349707,1.4e-05,-1.1e-05,9.832349,-4.530654,2.767311,9e-06,21.841309,-1.8e-05,-0.628438,9.468454,2.71324,8e-06,10.877781,3.4e-05,5.267374,-18.227276,3.494615,9e-06,21.841309,-1.8e-05,14.434164,-0.728113,-6.071941,-18.999985,1.8e-05,4e-06,61.43537,13.078768,-20.824541,-25.320946,-6e-06,-9e-06,-10.65208,-1.924366,20.085783,-24.34974,-3e-06,-1.6e-05,14.918544,38.42429,-6.400873,11.866668,2.8e-05,-2e-06,-3.1144,1.043293,-10.286962,3e-06,-45.759533,-3e-05,-0.683506,16.863901,-15.113873,-6e-06,-46.55261,-3e-06,9.399511,-13.387894,22.817144,-11.86666,1.3e-05,2.5e-05,-2.764353,-23.435577,1.899764,3e-06,-45.759525,-1.5e-05,-0.993157,0.60969,-4.714054,3e-06,-46.552605,4e-06,-0.368651,-10.970547,-6.21328
32,30.433859,146.63509,-212.50592,0.029579,4.934318,3.1394,8e-06,8.176467,-2.1e-05,-0.080376,-7.148437,-3.500972,9e-06,21.841303,-5e-06,-1.494433,9.721623,-3.369556,7e-06,21.841312,1.8e-05,-9.52748,-0.084483,1.448807,19.000004,2.1e-05,2e-06,-43.356148,49.45551,-25.474005,25.320951,2.8e-05,-2.4e-05,10.631444,-1.361743,-15.216278,24.349674,1.1e-05,-5e-06,10.101839,-4.665032,2.564523,7e-06,21.841312,1.8e-05,-0.018085,9.439907,2.40509,1e-05,10.877762,-2.1e-05,4.607028,-18.19004,3.13389,7e-06,21.841312,1.8e-05,14.462734,-0.775729,-6.394349,-18.999989,1.5e-05,1e-05,61.528667,13.535711,-20.666466,-25.320965,-1.2e-05,-1.7e-05,-10.54449,-1.86405,20.024801,-24.349716,5e-06,-3e-06,18.031307,40.624527,-8.652371,11.866671,1.7e-05,-2e-05,-2.914786,2.400307,-10.194154,0.0,-45.75953,-2e-05,-0.585773,17.618166,-15.318226,0.0,-46.552612,-2.2e-05,9.537811,-14.432832,22.18975,-11.866661,8e-06,-2.8e-05,-2.616127,-22.544703,2.871166,4e-06,-45.759514,-1e-05,-1.514654,-1.992323,-5.254987,1e-06,-46.552635,-2.4e-05,-0.945925,-9.86786,-6.220278
33,30.054073,146.24332,-209.55869,0.013072,4.811143,4.080693,3e-06,8.176422,-1e-06,0.022975,-7.61397,-3.463293,7e-06,21.841328,5e-06,-1.322,9.95345,-3.34857,1e-05,21.841301,8e-06,-9.646501,-0.107612,1.765731,19.000004,2.9e-05,-1.6e-05,-43.855404,50.16579,-25.071783,25.320953,3.2e-05,-4.9e-05,10.492785,-1.399933,-15.954584,24.349684,1e-05,-1e-06,10.189054,-4.342137,2.145637,1e-05,21.841301,9e-06,0.671114,9.388817,2.07442,1.1e-05,10.877766,4e-06,3.836951,-18.066628,2.729826,1e-05,21.841301,8e-06,14.501337,-0.819988,-6.719763,-18.999992,-2.1e-05,-1.5e-05,61.672134,14.058339,-20.163883,-25.320946,-1.3e-05,3e-06,-10.394905,-1.80976,19.889297,-24.349756,0.0,-1.2e-05,21.312738,42.561146,-10.936075,11.866676,4.3e-05,-2e-05,-2.536174,3.551741,-10.102815,4e-06,-45.759533,-2.8e-05,-0.513826,18.726084,-15.036375,-1.3e-05,-46.552624,-1.1e-05,9.235361,-15.419996,21.044088,-11.86666,1e-06,-8e-06,-2.458487,-22.12489,3.237414,4e-06,-45.759525,-1.8e-05,-1.534669,-2.051214,-4.959886,5e-06,-46.55264,-3e-06,-1.751074,-8.312131,-6.046695
34,29.438755,145.89206,-205.55664,-0.193933,4.66832,5.145962,1.5e-05,8.176459,-1.2e-05,0.136749,-8.342885,-3.253816,4e-06,21.841286,2e-06,-0.803313,10.218018,-3.187422,9e-06,21.841301,-9e-06,-9.911527,-0.144584,2.114766,19.0,1.5e-05,-2e-06,-45.527744,50.733498,-23.414476,25.320953,-3e-06,-2.2e-05,9.817202,-1.322496,-16.661222,24.349707,-7e-06,6e-06,10.204946,-3.193936,1.332807,8e-06,21.841301,-9e-06,1.464518,9.38674,1.667237,9e-06,10.877804,6e-06,2.831265,-17.780062,2.219703,1e-05,21.841301,-9e-06,14.530818,-0.851691,-6.902071,-18.99998,2.3e-05,9e-06,61.954338,14.477771,-19.010191,-25.320946,-4e-06,-2e-06,-10.18045,-1.733098,19.470554,-24.349754,4e-06,-8e-06,25.118666,44.694218,-13.528691,11.866682,2.5e-05,-2.3e-05,-1.74209,4.455411,-9.84497,5e-06,-45.759533,-3.2e-05,-0.613367,21.17358,-13.507967,-7e-06,-46.552616,-2.9e-05,7.790671,-16.463678,18.195026,-11.866657,1.7e-05,-1.2e-05,-2.248172,-22.213224,2.622419,4e-06,-45.759537,4.1e-05,-0.688294,1.206797,-3.531281,8e-06,-46.552635,-2.6e-05,-2.762545,-5.86572,-5.444776
35,28.902542,145.80174,-202.54694,-0.466266,4.542883,5.793589,1e-05,8.17646,-5e-06,0.177354,-8.863857,-2.982487,2e-06,21.841312,2.3e-05,-0.220431,10.307457,-2.970322,7e-06,21.84129,1e-05,-10.097688,-0.151604,2.20773,18.999998,4e-05,-1e-05,-47.56654,50.825127,-21.34948,25.320923,-5e-06,-9e-06,8.960234,-1.202724,-16.904116,24.349699,1.9e-05,-5e-06,10.106032,-1.812767,0.698388,7e-06,21.84129,1e-05,2.059616,9.45485,1.33675,9e-06,10.877781,2.3e-05,2.023401,-17.41728,1.805695,8e-06,21.84129,1e-05,14.538353,-0.872519,-6.828814,-18.999996,2e-06,1.3e-05,62.289448,14.348728,-17.845495,-25.320961,-6e-06,-1e-05,-10.018494,-1.676685,18.952894,-24.349737,4e-06,-1.8e-05,27.25938,46.119335,-15.038589,11.866679,2.9e-05,-2e-05,-0.891874,4.455758,-9.423311,2e-06,-45.759544,-1.4e-05,-0.964077,23.978006,-11.294829,-6e-06,-46.55262,-1e-06,5.682729,-16.68308,14.604054,-11.866658,4.8e-05,-1.7e-05,-2.053378,-22.448702,1.503705,9e-06,-45.759556,-2e-05,0.275968,5.141048,-2.253095,6e-06,-46.55263,-2e-06,-3.0795,-3.999597,-4.78349
36,28.69856,145.90335,-199.47423,-1.035622,4.955583,5.729695,3e-06,8.176445,6e-06,0.243281,-9.261008,-2.611842,9e-06,21.841293,5e-06,0.750709,10.218912,-2.698192,8e-06,21.841293,2e-06,-10.023145,-0.199461,2.34699,19.000006,5e-05,1e-05,-50.54466,51.51669,-19.229828,25.32095,8e-06,-2e-06,7.740528,-0.968567,-16.368341,24.349728,3e-05,6e-06,9.451159,1.089289,0.164432,8e-06,21.841293,2e-06,2.601537,8.889947,0.96698,7e-06,10.877785,0.0,1.59707,-16.211966,1.403393,7e-06,21.841293,2e-06,14.467039,-0.821044,-6.272946,-18.999989,-7e-06,-3e-06,63.067814,13.822154,-16.672665,-25.320957,-6e-06,-1.2e-05,-9.921383,-1.619205,18.397299,-24.349737,6e-06,2.4e-05,27.199015,47.02315,-15.158358,11.866669,2.6e-05,-7e-06,0.120971,3.759013,-8.565853,6e-06,-45.75955,3e-06,-1.395584,26.576918,-8.641888,-7e-06,-46.552605,-2.6e-05,3.05948,-16.334229,10.563988,-11.866659,2.1e-05,-2.4e-05,-1.414804,-23.278717,0.629991,6e-06,-45.75953,-1e-06,1.050375,9.731833,-1.008016,4e-06,-46.55264,-2.5e-05,-2.77003,-2.769979,-4.053116
37,28.32134,146.17906,-195.92583,-1.65955,5.324224,5.658174,8e-06,8.176455,3e-06,0.388995,-9.522757,-2.110662,9e-06,21.84133,-5e-06,1.746157,9.942253,-2.292402,1.1e-05,21.841324,-1.2e-05,-9.900384,-0.216882,2.574389,19.000008,2.9e-05,1e-05,-54.391747,51.944927,-16.020786,25.320927,4e-06,-2.2e-05,6.557362,-0.776633,-15.868725,24.349688,2.3e-05,-3e-05,8.667795,3.759896,0.097918,1.1e-05,21.841324,-1.2e-05,3.043094,8.391837,0.585073,1.2e-05,10.877796,-1e-05,1.052524,-14.636665,0.956052,1.1e-05,21.841324,-1.2e-05,14.444609,-0.730266,-5.248217,-18.999983,4.3e-05,6e-06,63.774635,12.763051,-14.94316,-25.32094,-5e-06,-2.3e-05,-9.644007,-1.514994,17.663263,-24.34975,1e-05,-2e-06,27.310377,48.48534,-15.725964,11.866674,1.8e-05,-4e-06,1.404457,2.179952,-7.498942,6e-06,-45.75953,-6e-06,-2.04524,30.83113,-5.186337,-4e-06,-46.552635,-3.5e-05,-0.325914,-14.405272,5.501221,-11.866666,4e-06,-0.0,-0.524257,-23.46144,-0.15815,-2e-06,-45.75954,-1.6e-05,1.542134,13.829194,-0.120997,5e-06,-46.552624,-1.1e-05,-2.010025,-1.708905,-3.416508
38,28.026672,146.5423,-192.9837,-2.084031,5.687215,5.364002,6e-06,8.176466,2.2e-05,0.541555,-9.551148,-1.672267,1e-06,21.841297,-1.2e-05,2.454345,9.611556,-1.922748,1.3e-05,21.841301,2.3e-05,-9.71697,-0.230746,2.739569,19.000006,1.5e-05,-1.3e-05,-57.742233,52.332184,-12.848198,25.320919,2e-05,1.2e-05,5.996045,-0.729928,-15.681751,24.349743,3.8e-05,2.4e-05,8.23445,4.513796,0.388151,1.3e-05,21.841301,2.3e-05,3.515951,8.103132,0.202075,1.2e-05,10.877831,1.9e-05,0.276424,-13.174071,0.492658,1.3e-05,21.841301,2.3e-05,14.479279,-0.629432,-4.306508,-18.999994,1.5e-05,-1.6e-05,64.13794,11.655977,-13.224193,-25.320938,-3e-06,1.2e-05,-9.244959,-1.379624,17.043674,-24.349743,1e-05,-3.2e-05,27.784838,50.05091,-16.715406,11.866676,2e-05,1.6e-05,2.202805,0.610534,-6.886061,-1e-06,-45.759537,-3e-05,-2.588603,34.571274,-2.738146,2e-06,-46.552616,-1.6e-05,-2.325134,-12.051076,2.804968,-11.866657,5e-06,7e-06,0.375754,-22.892027,-0.146811,3e-06,-45.759525,2.8e-05,1.600308,15.480444,0.316639,-2e-06,-46.552635,4e-06,-1.258418,-1.45817,-3.156271
39,27.79911,146.95615,-190.41316,-2.370254,6.026705,5.012587,7e-06,8.176454,-1.2e-05,0.633087,-9.436869,-1.286272,5e-06,21.841293,-2.2e-05,3.010029,9.275007,-1.584394,1.4e-05,21.84132,-1.9e-05,-9.492071,-0.248869,2.945299,19.000002,3.5e-05,-1.2e-05,-60.633713,52.723698,-10.005523,25.320925,-1.1e-05,-3.8e-05,5.672416,-0.714596,-15.499311,24.349735,-1e-06,-0.0,7.96934,4.468696,0.696536,1.4e-05,21.84132,-1.9e-05,3.84268,7.884227,-0.162648,9e-06,10.877831,-1e-05,-0.483944,-11.793496,0.070185,1.4e-05,21.84132,-1.9e-05,14.449487,-0.518409,-3.469667,-18.99999,1.5e-05,-8e-06,64.396065,10.673512,-11.369721,-25.320938,-3e-06,-8e-06,-8.754323,-1.236538,16.607946,-24.349752,4e-06,-1.4e-05,28.707228,51.583202,-18.11225,11.866676,2.7e-05,-1.6e-05,2.732985,-1.122132,-6.558035,6e-06,-45.759525,-2.7e-05,-3.248838,38.18831,-0.764685,3e-06,-46.552635,-1.2e-05,-3.384999,-9.493288,1.545314,-11.866658,2.8e-05,-8e-06,1.219625,-21.878176,0.434886,5e-06,-45.759514,-2.8e-05,1.513031,15.787559,0.457599,9e-06,-46.55262,-1.6e-05,-0.777592,-1.782484,-3.197093
40,27.540756,147.44833,-187.74138,-2.540101,6.333376,4.720278,9e-06,8.176445,1.3e-05,0.650977,-9.227262,-0.880588,1e-05,21.841297,-1e-06,3.481752,8.937425,-1.202331,1e-05,21.841259,2.1e-05,-9.223745,-0.27001,3.251995,19.000004,1e-05,-2e-06,-63.379704,53.058678,-7.17598,25.320938,5e-06,-1.9e-05,5.478607,-0.698009,-15.295816,24.349712,1.7e-05,-9e-06,7.778955,3.937645,0.953438,1e-05,21.841259,2.1e-05,3.959438,7.78115,-0.525672,5e-06,10.877785,1.3e-05,-1.256661,-10.459589,-0.354236,1e-05,21.841259,2.1e-05,14.298134,-0.408046,-2.633299,-19.0,-1.3e-05,-8e-06,64.62108,9.87399,-9.029593,-25.320948,-1.1e-05,9e-06,-8.091477,-1.078606,16.40083,-24.349716,1.1e-05,-2.2e-05,30.340172,53.176186,-20.13241,11.866671,2.1e-05,2.2e-05,3.124546,-3.461322,-6.42678,8e-06,-45.759544,-1.4e-05,-4.265436,42.566433,1.258214,3e-06,-46.552605,-1e-05,-3.834043,-6.47841,1.109485,-11.866661,2.8e-05,3e-05,2.018954,-20.306484,1.46557,6e-06,-45.75954,1.4e-05,1.393393,15.191903,0.35098,6e-06,-46.552628,3e-06,-0.621539,-2.548774,-3.518823
41,27.198559,147.99686,-184.82727,-2.557774,6.639987,4.49569,6e-06,8.176449,-7e-06,0.603388,-9.034723,-0.423908,0.0,21.84131,-9e-06,3.793014,8.723319,-0.769875,8e-06,21.841293,6e-06,-8.883105,-0.283812,3.575927,19.000006,1e-05,-1.3e-05,-65.8003,53.239807,-4.409037,25.32095,1.2e-05,-1.9e-05,5.487594,-0.701524,-15.271024,24.349735,2.7e-05,9e-06,7.67894,3.082914,1.159645,8e-06,21.841293,6e-06,3.823657,7.7628,-0.904383,7e-06,10.877781,1.2e-05,-2.098122,-9.410052,-0.816871,8e-06,21.841293,6e-06,14.062381,-0.324393,-2.073457,-18.999992,4e-06,-1.8e-05,64.77163,9.556849,-5.95993,-25.320946,-1.2e-05,-2.4e-05,-7.149138,-0.906198,16.33669,-24.34974,6e-06,2e-05,32.7633,54.72621,-22.67451,11.866674,2.7e-05,-3e-06,3.357269,-6.69977,-6.280101,1e-05,-45.759533,-8e-06,-5.754451,48.327614,3.912783,4e-06,-46.552605,1e-06,-4.047008,-2.585748,0.428461,-11.86666,-1e-06,-7e-06,2.631997,-18.18657,2.756318,-4e-06,-45.75953,-6e-06,1.408109,13.898692,0.007297,6e-06,-46.55262,-4e-06,-0.788889,-3.684779,-3.931528
